DATAFLOW,LAST UPDATE,freq,duration,isced11,age,sex,unit,geo,TIME_PERIOD,OBS_VALUE,OBS_FLAG
ESTAT:EDAT_LFSE_24(1.0),14/09/23 23:00:00,A,Y1-3,ED3-8,Y20-34,F,PC,AT,2013,87.8,
ESTAT:EDAT_LFSE_24(1.0),14/09/23 23:00:00,A,Y1-3,ED3-8,Y20-34,F,PC,AT,2014,86.8,b
ESTAT:EDAT_LFSE_24(1.0),14/09/23 23:00:00,A,Y1-3,ED3-8,Y20-34,F,PC,AT,2015,86.4,
ESTAT:EDAT_LFSE_24(1.0),14/09/23 23:00:00,A,Y1-3,ED3-8,Y20-34,F,PC,AT,2016,88.2,
ESTAT:EDAT_LFSE_24(1.0),14/09/23 23:00:00,A,Y1-3,ED3-8,Y20-34,F,PC,AT,2017,90.0,
ESTAT:EDAT_LFSE_24(1.0),14/09/23 23:00:00,A,Y1-3,ED3-8,Y20-34,F,PC,AT,2018,85.9,
ESTAT:EDAT_LFSE_24(1.0),14/09/23 23:00:00,A,Y1-3,ED3-8,Y20-34,F,PC,AT,2019,87.4,
ESTAT:EDAT_LFSE_24(1.0),14/09/23 23:00:00,A,Y1-3,ED3-8,Y20-34,F,PC,AT,2020,88.8,
ESTAT:EDAT_LFSE_24(1.0),14/09/23 23:00:00,A,Y1-3,ED3-8,Y20-34,F,PC,AT,2021,85.2,b
ESTAT:EDAT_LFSE_24(1.0),14/09/23 23:00:00,A,Y1-3,ED3-8,Y20-34,F,PC,AT,2022,86.6,
ESTAT:EDAT_LFSE_24(1.0),14/09/23 23:00:00,A,Y1-3,ED3-8,Y20-34,F,PC,BE,2013,79.1,
ESTAT:EDAT_LFSE_24(1.0),14/09/23 23:00:00,A,Y1-3,ED3-8,Y20-34,F,PC,BE,2014,80.2,b
ESTAT:EDAT_LFSE_24(1.0),14/09/23 23:00:00,A,Y1-3,ED3-8,Y20-34,F,PC,BE,2015,80.9,
ESTAT:EDAT_LFSE_24(1.0),14/09/23 23:00:00,A,Y1-3,ED3-8,Y20-34,F,PC,BE,2016,82.2,
ESTAT:EDAT_LFSE_24(1.0),14/09/23 23:00:00,A,Y1-3,ED3-8,Y20-34,F,PC,BE,2017,82.5,b
ESTAT:EDAT_LFSE_24(1.0),14/09/23 23:00:00,A,Y1-3,ED3-8,Y20-34,F,PC,BE,2018,84.2,
ESTAT:EDAT_LFSE_24(1.0),14/09/23 23:00:00,A,Y1-3,ED3-8,Y20-34,F,PC,BE,2019,84.0,
ESTAT:EDAT_LFSE_24(1.0),14/09/23 23:00:00,A,Y1-3,ED3-8,Y20-34,F,PC,BE,2020,81.6,
ESTAT:EDAT_LFSE_24(1.0),14/09/23 23:00:00,A,Y1-3,ED3-8,Y20-34,F,PC,BE,2021,82.5,b
ESTAT:EDAT_LFSE_24(1.0),14/09/23 23:00:00,A,Y1-3,ED3-8,Y20-34,F,PC,BE,2022,84.9,
ESTAT:EDAT_LFSE_24(1.0),14/09/23 23:00:00,A,Y1-3,ED3-8,Y20-34,F,PC,BG,2013,69.1,
ESTAT:EDAT_LFSE_24(1.0),14/09/23 23:00:00,A,Y1-3,ED3-8,Y20-34,F,PC,BG,2014,66.4,b
ESTAT:EDAT_LFSE_24(1.0),14/09/23 23:00:00,A,Y1-3,ED3-8,Y20-34,F,PC,BG,2015,73.9,
ESTAT:EDAT_LFSE_24(1.0),14/09/23 23:00:00,A,Y1-3,ED3-8,Y20-34,F,PC,BG,2016,68.9,
ESTAT:EDAT_LFSE_24(1.0),14/09/23 23:00:00,A,Y1-3,ED3-8,Y20-34,F,PC,BG,2017,77.5,
ESTAT:EDAT_LFSE_24(1.0),14/09/23 23:00:00,A,Y1-3,ED3-8,Y20-34,F,PC,BG,2018,74.6,
ESTAT:EDAT_LFSE_24(1.0),14/09/23 23:00:00,A,Y1-3,ED3-8,Y20-34,F,PC,BG,2019,76.3,
ESTAT:EDAT_LFSE_24(1.0),14/09/23 23:00:00,A,Y1-3,ED3-8,Y20-34,F,PC,BG,2020,76.4,
ESTAT:EDAT_LFSE_24(1.0),14/09/23 23:00:00,A,Y1-3,ED3-8,Y20-34,F,PC,BG,2021,72.0,b
ESTAT:EDAT_LFSE_24(1.0),14/09/23 23:00:00,A,Y1-3,ED3-8,Y20-34,F,PC,BG,2022,76.1,
ESTAT:EDAT_LFSE_24(1.0),14/09/23 23:00:00,A,Y1-3,ED3-8,Y20-34,F,PC,CH,2013,86.4,
ESTAT:EDAT_LFSE_24(1.0),14/09/23 23:00:00,A,Y1-3,ED3-8,Y20-34,F,PC,CH,2014,89.0,b
ESTAT:EDAT_LFSE_24(1.0),14/09/23 23:00:00,A,Y1-3,ED3-8,Y20-34,F,PC,CH,2015,85.3,
ESTAT:EDAT_LFSE_24(1.0),14/09/23 23:00:00,A,Y1-3,ED3-8,Y20-34,F,PC,CH,2016,84.6,
ESTAT:EDAT_LFSE_24(1.0),14/09/23 23:00:00,A,Y1-3,ED3-8,Y20-34,F,PC,CH,2017,89.9,
ESTAT:EDAT_LFSE_24(1.0),14/09/23 23:00:00,A,Y1-3,ED3-8,Y20-34,F,PC,CH,2018,88.6,
ESTAT:EDAT_LFSE_24(1.0),14/09/23 23:00:00,A,Y1-3,ED3-8,Y20-34,F,PC,CH,2019,87.9,
ESTAT:EDAT_LFSE_24(1.0),14/09/23 23:00:00,A,Y1-3,ED3-8,Y20-34,F,PC,CH,2020,90.6,
ESTAT:EDAT_LFSE_24(1.0),14/09/23 23:00:00,A,Y1-3,ED3-8,Y20-34,F,PC,CH,2021,87.9,b
ESTAT:EDAT_LFSE_24(1.0),14/09/23 23:00:00,A,Y1-3,ED3-8,Y20-34,F,PC,CH,2022,84.4,
ESTAT:EDAT_LFSE_24(1.0),14/09/23 23:00:00,A,Y1-3,ED3-8,Y20-34,F,PC,CY,2013,61.7,
ESTAT:EDAT_LFSE_24(1.0),14/09/23 23:00:00,A,Y1-3,ED3-8,Y20-34,F,PC,CY,2014,68.9,b
ESTAT:EDAT_LFSE_24(1.0),14/09/23 23:00:00,A,Y1-3,ED3-8,Y20-34,F,PC,CY,2015,69.8,
ESTAT:EDAT_LFSE_24(1.0),14/09/23 23:00:00,A,Y1-3,ED3-8,Y20-34,F,PC,CY,2016,74.2,
ESTAT:EDAT_LFSE_24(1.0),14/09/23 23:00:00,A,Y1-3,ED3-8,Y20-34,F,PC,CY,2017,73.8,
ESTAT:EDAT_LFSE_24(1.0),14/09/23 23:00:00,A,Y1-3,ED3-8,Y20-34,F,PC,CY,2018,82.5,
ESTAT:EDAT_LFSE_24(1.0),14/09/23 23:00:00,A,Y1-3,ED3-8,Y20-34,F,PC,CY,2019,79.1,
ESTAT:EDAT_LFSE_24(1.0),14/09/23 23:00:00,A,Y1-3,ED3-8,Y20-34,F,PC,CY,2020,80.2,
ESTAT:EDAT_LFSE_24(1.0),14/09/23 23:00:00,A,Y1-3,ED3-8,Y20-34,F,PC,CY,2021,80.9,b
ESTAT:EDAT_LFSE_24(1.0),14/09/23 23:00:00,A,Y1-3,ED3-8,Y20-34,F,PC,CY,2022,77.5,
ESTAT:EDAT_LFSE_24(1.0),14/09/23 23:00:00,A,Y1-3,ED3-8,Y20-34,F,PC,CZ,2013,73.1,b
ESTAT:EDAT_LFSE_24(1.0),14/09/23 23:00:00,A,Y1-3,ED3-8,Y20-34,F,PC,CZ,2014,74.7,b
ESTAT:EDAT_LFSE_24(1.0),14/09/23 23:00:00,A,Y1-3,ED3-8,Y20-34,F,PC,CZ,2015,75.0,
ESTAT:EDAT_LFSE_24(1.0),14/09/23 23:00:00,A,Y1-3,ED3-8,Y20-34,F,PC,CZ,2016,79.3,
ESTAT:EDAT_LFSE_24(1.0),14/09/23 23:00:00,A,Y1-3,ED3-8,Y20-34,F,PC,CZ,2017,85.5,
ESTAT:EDAT_LFSE_24(1.0),14/09/23 23:00:00,A,Y1-3,ED3-8,Y20-34,F,PC,CZ,2018,83.3,
ESTAT:EDAT_LFSE_24(1.0),14/09/23 23:00:00,A,Y1-3,ED3-8,Y20-34,F,PC,CZ,2019,79.5,
ESTAT:EDAT_LFSE_24(1.0),14/09/23 23:00:00,A,Y1-3,ED3-8,Y20-34,F,PC,CZ,2020,81.0,
ESTAT:EDAT_LFSE_24(1.0),14/09/23 23:00:00,A,Y1-3,ED3-8,Y20-34,F,PC,CZ,2021,75.3,b
ESTAT:EDAT_LFSE_24(1.0),14/09/23 23:00:00,A,Y1-3,ED3-8,Y20-34,F,PC,CZ,2022,76.1,b
ESTAT:EDAT_LFSE_24(1.0),14/09/23 23:00:00,A,Y1-3,ED3-8,Y20-34,F,PC,DE,2013,88.0,
ESTAT:EDAT_LFSE_24(1.0),14/09/23 23:00:00,A,Y1-3,ED3-8,Y20-34,F,PC,DE,2014,88.3,b
ESTAT:EDAT_LFSE_24(1.0),14/09/23 23:00:00,A,Y1-3,ED3-8,Y20-34,F,PC,DE,2015,88.6,
ESTAT:EDAT_LFSE_24(1.0),14/09/23 23:00:00,A,Y1-3,ED3-8,Y20-34,F,PC,DE,2016,88.2,
ESTAT:EDAT_LFSE_24(1.0),14/09/23 23:00:00,A,Y1-3,ED3-8,Y20-34,F,PC,DE,2017,88.9,
ESTAT:EDAT_LFSE_24(1.0),14/09/23 23:00:00,A,Y1-3,ED3-8,Y20-34,F,PC,DE,2018,90.0,
ESTAT:EDAT_LFSE_24(1.0),14/09/23 23:00:00,A,Y1-3,ED3-8,Y20-34,F,PC,DE,2019,90.9,
ESTAT:EDAT_LFSE_24(1.0),14/09/23 23:00:00,A,Y1-3,ED3-8,Y20-34,F,PC,DE,2020,87.2,b
ESTAT:EDAT_LFSE_24(1.0),14/09/23 23:00:00,A,Y1-3,ED3-8,Y20-34,F,PC,DE,2021,89.2,b
ESTAT:EDAT_LFSE_24(1.0),14/09/23 23:00:00,A,Y1-3,ED3-8,Y20-34,F,PC,DE,2022,91.3,
ESTAT:EDAT_LFSE_24(1.0),14/09/23 23:00:00,A,Y1-3,ED3-8,Y20-34,F,PC,DK,2013,76.9,
ESTAT:EDAT_LFSE_24(1.0),14/09/23 23:00:00,A,Y1-3,ED3-8,Y20-34,F,PC,DK,2014,78.8,b
ESTAT:EDAT_LFSE_24(1.0),14/09/23 23:00:00,A,Y1-3,ED3-8,Y20-34,F,PC,DK,2015,77.4,
ESTAT:EDAT_LFSE_24(1.0),14/09/23 23:00:00,A,Y1-3,ED3-8,Y20-34,F,PC,DK,2016,80.0,b
ESTAT:EDAT_LFSE_24(1.0),14/09/23 23:00:00,A,Y1-3,ED3-8,Y20-34,F,PC,DK,2017,78.1,b
ESTAT:EDAT_LFSE_24(1.0),14/09/23 23:00:00,A,Y1-3,ED3-8,Y20-34,F,PC,DK,2018,81.7,
ESTAT:EDAT_LFSE_24(1.0),14/09/23 23:00:00,A,Y1-3,ED3-8,Y20-34,F,PC,DK,2019,82.4,
ESTAT:EDAT_LFSE_24(1.0),14/09/23 23:00:00,A,Y1-3,ED3-8,Y20-34,F,PC,DK,2020,81.3,
ESTAT:EDAT_LFSE_24(1.0),14/09/23 23:00:00,A,Y1-3,ED3-8,Y20-34,F,PC,DK,2021,81.4,b
ESTAT:EDAT_LFSE_24(1.0),14/09/23 23:00:00,A,Y1-3,ED3-8,Y20-34,F,PC,DK,2022,83.0,
ESTAT:EDAT_LFSE_24(1.0),14/09/23 23:00:00,A,Y1-3,ED3-8,Y20-34,F,PC,EE,2013,69.7,
ESTAT:EDAT_LFSE_24(1.0),14/09/23 23:00:00,A,Y1-3,ED3-8,Y20-34,F,PC,EE,2014,79.1,b
ESTAT:EDAT_LFSE_24(1.0),14/09/23 23:00:00,A,Y1-3,ED3-8,Y20-34,F,PC,EE,2015,76.0,
ESTAT:EDAT_LFSE_24(1.0),14/09/23 23:00:00,A,Y1-3,ED3-8,Y20-34,F,PC,EE,2016,69.2,
ESTAT:EDAT_LFSE_24(1.0),14/09/23 23:00:00,A,Y1-3,ED3-8,Y20-34,F,PC,EE,2017,74.7,
ESTAT:EDAT_LFSE_24(1.0),14/09/23 23:00:00,A,Y1-3,ED3-8,Y20-34,F,PC,EE,2018,77.3,
ESTAT:EDAT_LFSE_24(1.0),14/09/23 23:00:00,A,Y1-3,ED3-8,Y20-34,F,PC,EE,2019,76.4,
ESTAT:EDAT_LFSE_24(1.0),14/09/23 23:00:00,A,Y1-3,ED3-8,Y20-34,F,PC,EE,2020,76.5,
ESTAT:EDAT_LFSE_24(1.0),14/09/23 23:00:00,A,Y1-3,ED3-8,Y20-34,F,PC,EE,2021,81.3,b
ESTAT:EDAT_LFSE_24(1.0),14/09/23 23:00:00,A,Y1-3,ED3-8,Y20-34,F,PC,EE,2022,83.9,
ESTAT:EDAT_LFSE_24(1.0),14/09/23 23:00:00,A,Y1-3,ED3-8,Y20-34,F,PC,EL,2013,37.9,
ESTAT:EDAT_LFSE_24(1.0),14/09/23 23:00:00,A,Y1-3,ED3-8,Y20-34,F,PC,EL,2014,42.2,b
ESTAT:EDAT_LFSE_24(1.0),14/09/23 23:00:00,A,Y1-3,ED3-8,Y20-34,F,PC,EL,2015,44.1,
ESTAT:EDAT_LFSE_24(1.0),14/09/23 23:00:00,A,Y1-3,ED3-8,Y20-34,F,PC,EL,2016,46.8,
ESTAT:EDAT_LFSE_24(1.0),14/09/23 23:00:00,A,Y1-3,ED3-8,Y20-34,F,PC,EL,2017,51.6,
ESTAT:EDAT_LFSE_24(1.0),14/09/23 23:00:00,A,Y1-3,ED3-8,Y20-34,F,PC,EL,2018,53.0,
ESTAT:EDAT_LFSE_24(1.0),14/09/23 23:00:00,A,Y1-3,ED3-8,Y20-34,F,PC,EL,2019,59.8,
ESTAT:EDAT_LFSE_24(1.0),14/09/23 23:00:00,A,Y1-3,ED3-8,Y20-34,F,PC,EL,2020,56.0,
ESTAT:EDAT_LFSE_24(1.0),14/09/23 23:00:00,A,Y1-3,ED3-8,Y20-34,F,PC,EL,2021,58.5,b
ESTAT:EDAT_LFSE_24(1.0),14/09/23 23:00:00,A,Y1-3,ED3-8,Y20-34,F,PC,EL,2022,66.5,
ESTAT:EDAT_LFSE_24(1.0),14/09/23 23:00:00,A,Y1-3,ED3-8,Y20-34,F,PC,ES,2013,59.4,
ESTAT:EDAT_LFSE_24(1.0),14/09/23 23:00:00,A,Y1-3,ED3-8,Y20-34,F,PC,ES,2014,66.9,b
ESTAT:EDAT_LFSE_24(1.0),14/09/23 23:00:00,A,Y1-3,ED3-8,Y20-34,F,PC,ES,2015,65.2,
ESTAT:EDAT_LFSE_24(1.0),14/09/23 23:00:00,A,Y1-3,ED3-8,Y20-34,F,PC,ES,2016,65.5,
ESTAT:EDAT_LFSE_24(1.0),14/09/23 23:00:00,A,Y1-3,ED3-8,Y20-34,F,PC,ES,2017,73.3,
ESTAT:EDAT_LFSE_24(1.0),14/09/23 23:00:00,A,Y1-3,ED3-8,Y20-34,F,PC,ES,2018,75.0,
ESTAT:EDAT_LFSE_24(1.0),14/09/23 23:00:00,A,Y1-3,ED3-8,Y20-34,F,PC,ES,2019,72.2,
ESTAT:EDAT_LFSE_24(1.0),14/09/23 23:00:00,A,Y1-3,ED3-8,Y20-34,F,PC,ES,2020,69.4,
ESTAT:EDAT_LFSE_24(1.0),14/09/23 23:00:00,A,Y1-3,ED3-8,Y20-34,F,PC,ES,2021,73.1,bd
ESTAT:EDAT_LFSE_24(1.0),14/09/23 23:00:00,A,Y1-3,ED3-8,Y20-34,F,PC,ES,2022,77.5,d
ESTAT:EDAT_LFSE_24(1.0),14/09/23 23:00:00,A,Y1-3,ED3-8,Y20-34,F,PC,EU27_2020,2013,71.9,
ESTAT:EDAT_LFSE_24(1.0),14/09/23 23:00:00,A,Y1-3,ED3-8,Y20-34,F,PC,EU27_2020,2014,73.1,b
ESTAT:EDAT_LFSE_24(1.0),14/09/23 23:00:00,A,Y1-3,ED3-8,Y20-34,F,PC,EU27_2020,2015,73.7,
ESTAT:EDAT_LFSE_24(1.0),14/09/23 23:00:00,A,Y1-3,ED3-8,Y20-34,F,PC,EU27_2020,2016,75.1,
ESTAT:EDAT_LFSE_24(1.0),14/09/23 23:00:00,A,Y1-3,ED3-8,Y20-34,F,PC,EU27_2020,2017,77.1,
ESTAT:EDAT_LFSE_24(1.0),14/09/23 23:00:00,A,Y1-3,ED3-8,Y20-34,F,PC,EU27_2020,2018,78.8,
ESTAT:EDAT_LFSE_24(1.0),14/09/23 23:00:00,A,Y1-3,ED3-8,Y20-34,F,PC,EU27_2020,2019,78.6,
ESTAT:EDAT_LFSE_24(1.0),14/09/23 23:00:00,A,Y1-3,ED3-8,Y20-34,F,PC,EU27_2020,2020,77.2,
ESTAT:EDAT_LFSE_24(1.0),14/09/23 23:00:00,A,Y1-3,ED3-8,Y20-34,F,PC,EU27_2020,2021,78.1,b
ESTAT:EDAT_LFSE_24(1.0),14/09/23 23:00:00,A,Y1-3,ED3-8,Y20-34,F,PC,EU27_2020,2022,81.3,
ESTAT:EDAT_LFSE_24(1.0),14/09/23 23:00:00,A,Y1-3,ED3-8,Y20-34,F,PC,FI,2013,79.5,
ESTAT:EDAT_LFSE_24(1.0),14/09/23 23:00:00,A,Y1-3,ED3-8,Y20-34,F,PC,FI,2014,76.5,b
ESTAT:EDAT_LFSE_24(1.0),14/09/23 23:00:00,A,Y1-3,ED3-8,Y20-34,F,PC,FI,2015,76.0,
ESTAT:EDAT_LFSE_24(1.0),14/09/23 23:00:00,A,Y1-3,ED3-8,Y20-34,F,PC,FI,2016,74.6,
ESTAT:EDAT_LFSE_24(1.0),14/09/23 23:00:00,A,Y1-3,ED3-8,Y20-34,F,PC,FI,2017,72.3,
ESTAT:EDAT_LFSE_24(1.0),14/09/23 23:00:00,A,Y1-3,ED3-8,Y20-34,F,PC,FI,2018,77.8,
ESTAT:EDAT_LFSE_24(1.0),14/09/23 23:00:00,A,Y1-3,ED3-8,Y20-34,F,PC,FI,2019,83.0,
ESTAT:EDAT_LFSE_24(1.0),14/09/23 23:00:00,A,Y1-3,ED3-8,Y20-34,F,PC,FI,2020,80.5,
ESTAT:EDAT_LFSE_24(1.0),14/09/23 23:00:00,A,Y1-3,ED3-8,Y20-34,F,PC,FI,2021,84.3,b
ESTAT:EDAT_LFSE_24(1.0),14/09/23 23:00:00,A,Y1-3,ED3-8,Y20-34,F,PC,FI,2022,81.7,
ESTAT:EDAT_LFSE_24(1.0),14/09/23 23:00:00,A,Y1-3,ED3-8,Y20-34,F,PC,FR,2013,74.4,b
ESTAT:EDAT_LFSE_24(1.0),14/09/23 23:00:00,A,Y1-3,ED3-8,Y20-34,F,PC,FR,2014,74.2,b
ESTAT:EDAT_LFSE_24(1.0),14/09/23 23:00:00,A,Y1-3,ED3-8,Y20-34,F,PC,FR,2015,73.1,
ESTAT:EDAT_LFSE_24(1.0),14/09/23 23:00:00,A,Y1-3,ED3-8,Y20-34,F,PC,FR,2016,73.0,
ESTAT:EDAT_LFSE_24(1.0),14/09/23 23:00:00,A,Y1-3,ED3-8,Y20-34,F,PC,FR,2017,73.7,
ESTAT:EDAT_LFSE_24(1.0),14/09/23 23:00:00,A,Y1-3,ED3-8,Y20-34,F,PC,FR,2018,79.4,
ESTAT:EDAT_LFSE_24(1.0),14/09/23 23:00:00,A,Y1-3,ED3-8,Y20-34,F,PC,FR,2019,74.3,
ESTAT:EDAT_LFSE_24(1.0),14/09/23 23:00:00,A,Y1-3,ED3-8,Y20-34,F,PC,FR,2020,76.6,
ESTAT:EDAT_LFSE_24(1.0),14/09/23 23:00:00,A,Y1-3,ED3-8,Y20-34,F,PC,FR,2021,79.4,bd
ESTAT:EDAT_LFSE_24(1.0),14/09/23 23:00:00,A,Y1-3,ED3-8,Y20-34,F,PC,FR,2022,80.2,d
ESTAT:EDAT_LFSE_24(1.0),14/09/23 23:00:00,A,Y1-3,ED3-8,Y20-34,F,PC,HR,2013,53.7,
ESTAT:EDAT_LFSE_24(1.0),14/09/23 23:00:00,A,Y1-3,ED3-8,Y20-34,F,PC,HR,2014,62.6,b
ESTAT:EDAT_LFSE_24(1.0),14/09/23 23:00:00,A,Y1-3,ED3-8,Y20-34,F,PC,HR,2015,63.2,
ESTAT:EDAT_LFSE_24(1.0),14/09/23 23:00:00,A,Y1-3,ED3-8,Y20-34,F,PC,HR,2016,72.8,
ESTAT:EDAT_LFSE_24(1.0),14/09/23 23:00:00,A,Y1-3,ED3-8,Y20-34,F,PC,HR,2017,63.2,
ESTAT:EDAT_LFSE_24(1.0),14/09/23 23:00:00,A,Y1-3,ED3-8,Y20-34,F,PC,HR,2018,66.5,
ESTAT:EDAT_LFSE_24(1.0),14/09/23 23:00:00,A,Y1-3,ED3-8,Y20-34,F,PC,HR,2019,75.9,
ESTAT:EDAT_LFSE_24(1.0),14/09/23 23:00:00,A,Y1-3,ED3-8,Y20-34,F,PC,HR,2020,74.7,
ESTAT:EDAT_LFSE_24(1.0),14/09/23 23:00:00,A,Y1-3,ED3-8,Y20-34,F,PC,HR,2021,72.3,b
ESTAT:EDAT_LFSE_24(1.0),14/09/23 23:00:00,A,Y1-3,ED3-8,Y20-34,F,PC,HR,2022,77.3,
ESTAT:EDAT_LFSE_24(1.0),14/09/23 23:00:00,A,Y1-3,ED3-8,Y20-34,F,PC,HU,2013,71.0,
ESTAT:EDAT_LFSE_24(1.0),14/09/23 23:00:00,A,Y1-3,ED3-8,Y20-34,F,PC,HU,2014,75.0,b
ESTAT:EDAT_LFSE_24(1.0),14/09/23 23:00:00,A,Y1-3,ED3-8,Y20-34,F,PC,HU,2015,77.8,b
ESTAT:EDAT_LFSE_24(1.0),14/09/23 23:00:00,A,Y1-3,ED3-8,Y20-34,F,PC,HU,2016,81.1,
ESTAT:EDAT_LFSE_24(1.0),14/09/23 23:00:00,A,Y1-3,ED3-8,Y20-34,F,PC,HU,2017,79.4,
ESTAT:EDAT_LFSE_24(1.0),14/09/23 23:00:00,A,Y1-3,ED3-8,Y20-34,F,PC,HU,2018,83.4,
ESTAT:EDAT_LFSE_24(1.0),14/09/23 23:00:00,A,Y1-3,ED3-8,Y20-34,F,PC,HU,2019,81.1,
ESTAT:EDAT_LFSE_24(1.0),14/09/23 23:00:00,A,Y1-3,ED3-8,Y20-34,F,PC,HU,2020,77.4,
ESTAT:EDAT_LFSE_24(1.0),14/09/23 23:00:00,A,Y1-3,ED3-8,Y20-34,F,PC,HU,2021,82.3,b
ESTAT:EDAT_LFSE_24(1.0),14/09/23 23:00:00,A,Y1-3,ED3-8,Y20-34,F,PC,HU,2022,86.3,
ESTAT:EDAT_LFSE_24(1.0),14/09/23 23:00:00,A,Y1-3,ED3-8,Y20-34,F,PC,IE,2013,74.7,
ESTAT:EDAT_LFSE_24(1.0),14/09/23 23:00:00,A,Y1-3,ED3-8,Y20-34,F,PC,IE,2014,76.0,b
ESTAT:EDAT_LFSE_24(1.0),14/09/23 23:00:00,A,Y1-3,ED3-8,Y20-34,F,PC,IE,2015,78.2,
ESTAT:EDAT_LFSE_24(1.0),14/09/23 23:00:00,A,Y1-3,ED3-8,Y20-34,F,PC,IE,2016,83.3,
ESTAT:EDAT_LFSE_24(1.0),14/09/23 23:00:00,A,Y1-3,ED3-8,Y20-34,F,PC,IE,2017,82.5,b
ESTAT:EDAT_LFSE_24(1.0),14/09/23 23:00:00,A,Y1-3,ED3-8,Y20-34,F,PC,IE,2018,82.8,
ESTAT:EDAT_LFSE_24(1.0),14/09/23 23:00:00,A,Y1-3,ED3-8,Y20-34,F,PC,IE,2019,82.5,
ESTAT:EDAT_LFSE_24(1.0),14/09/23 23:00:00,A,Y1-3,ED3-8,Y20-34,F,PC,IE,2020,78.6,
ESTAT:EDAT_LFSE_24(1.0),14/09/23 23:00:00,A,Y1-3,ED3-8,Y20-34,F,PC,IE,2021,85.3,b
ESTAT:EDAT_LFSE_24(1.0),14/09/23 23:00:00,A,Y1-3,ED3-8,Y20-34,F,PC,IE,2022,85.2,
ESTAT:EDAT_LFSE_24(1.0),14/09/23 23:00:00,A,Y1-3,ED3-8,Y20-34,F,PC,IS,2013,86.8,
ESTAT:EDAT_LFSE_24(1.0),14/09/23 23:00:00,A,Y1-3,ED3-8,Y20-34,F,PC,IS,2014,89.1,b
ESTAT:EDAT_LFSE_24(1.0),14/09/23 23:00:00,A,Y1-3,ED3-8,Y20-34,F,PC,IS,2015,91.3,
ESTAT:EDAT_LFSE_24(1.0),14/09/23 23:00:00,A,Y1-3,ED3-8,Y20-34,F,PC,IS,2016,95.4,
ESTAT:EDAT_LFSE_24(1.0),14/09/23 23:00:00,A,Y1-3,ED3-8,Y20-34,F,PC,IS,2017,93.8,
ESTAT:EDAT_LFSE_24(1.0),14/09/23 23:00:00,A,Y1-3,ED3-8,Y20-34,F,PC,IS,2018,92.7,
ESTAT:EDAT_LFSE_24(1.0),14/09/23 23:00:00,A,Y1-3,ED3-8,Y20-34,F,PC,IS,2019,90.2,
ESTAT:EDAT_LFSE_24(1.0),14/09/23 23:00:00,A,Y1-3,ED3-8,Y20-34,F,PC,IS,2020,87.3,b
ESTAT:EDAT_LFSE_24(1.0),14/09/23 23:00:00,A,Y1-3,ED3-8,Y20-34,F,PC,IS,2022,90.2,
ESTAT:EDAT_LFSE_24(1.0),14/09/23 23:00:00,A,Y1-3,ED3-8,Y20-34,F,PC,IT,2013,47.6,
ESTAT:EDAT_LFSE_24(1.0),14/09/23 23:00:00,A,Y1-3,ED3-8,Y20-34,F,PC,IT,2014,43.4,b
ESTAT:EDAT_LFSE_24(1.0),14/09/23 23:00:00,A,Y1-3,ED3-8,Y20-34,F,PC,IT,2015,45.6,
ESTAT:EDAT_LFSE_24(1.0),14/09/23 23:00:00,A,Y1-3,ED3-8,Y20-34,F,PC,IT,2016,50.0,
ESTAT:EDAT_LFSE_24(1.0),14/09/23 23:00:00,A,Y1-3,ED3-8,Y20-34,F,PC,IT,2017,53.1,
ESTAT:EDAT_LFSE_24(1.0),14/09/23 23:00:00,A,Y1-3,ED3-8,Y20-34,F,PC,IT,2018,54.1,
ESTAT:EDAT_LFSE_24(1.0),14/09/23 23:00:00,A,Y1-3,ED3-8,Y20-34,F,PC,IT,2019,55.8,
ESTAT:EDAT_LFSE_24(1.0),14/09/23 23:00:00,A,Y1-3,ED3-8,Y20-34,F,PC,IT,2020,53.1,
ESTAT:EDAT_LFSE_24(1.0),14/09/23 23:00:00,A,Y1-3,ED3-8,Y20-34,F,PC,IT,2021,54.4,b
ESTAT:EDAT_LFSE_24(1.0),14/09/23 23:00:00,A,Y1-3,ED3-8,Y20-34,F,PC,IT,2022,64.2,
ESTAT:EDAT_LFSE_24(1.0),14/09/23 23:00:00,A,Y1-3,ED3-8,Y20-34,F,PC,LT,2013,76.9,
ESTAT:EDAT_LFSE_24(1.0),14/09/23 23:00:00,A,Y1-3,ED3-8,Y20-34,F,PC,LT,2014,78.5,b
ESTAT:EDAT_LFSE_24(1.0),14/09/23 23:00:00,A,Y1-3,ED3-8,Y20-34,F,PC,LT,2015,80.4,
ESTAT:EDAT_LFSE_24(1.0),14/09/23 23:00:00,A,Y1-3,ED3-8,Y20-34,F,PC,LT,2016,84.5,
ESTAT:EDAT_LFSE_24(1.0),14/09/23 23:00:00,A,Y1-3,ED3-8,Y20-34,F,PC,LT,2017,84.1,
ESTAT:EDAT_LFSE_24(1.0),14/09/23 23:00:00,A,Y1-3,ED3-8,Y20-34,F,PC,LT,2018,82.4,
ESTAT:EDAT_LFSE_24(1.0),14/09/23 23:00:00,A,Y1-3,ED3-8,Y20-34,F,PC,LT,2019,80.1,
ESTAT:EDAT_LFSE_24(1.0),14/09/23 23:00:00,A,Y1-3,ED3-8,Y20-34,F,PC,LT,2020,75.9,
ESTAT:EDAT_LFSE_24(1.0),14/09/23 23:00:00,A,Y1-3,ED3-8,Y20-34,F,PC,LT,2021,79.1,b
ESTAT:EDAT_LFSE_24(1.0),14/09/23 23:00:00,A,Y1-3,ED3-8,Y20-34,F,PC,LT,2022,84.9,
ESTAT:EDAT_LFSE_24(1.0),14/09/23 23:00:00,A,Y1-3,ED3-8,Y20-34,F,PC,LU,2013,78.4,
ESTAT:EDAT_LFSE_24(1.0),14/09/23 23:00:00,A,Y1-3,ED3-8,Y20-34,F,PC,LU,2014,84.6,b
ESTAT:EDAT_LFSE_24(1.0),14/09/23 23:00:00,A,Y1-3,ED3-8,Y20-34,F,PC,LU,2015,82.1,b
ESTAT:EDAT_LFSE_24(1.0),14/09/23 23:00:00,A,Y1-3,ED3-8,Y20-34,F,PC,LU,2016,79.6,
ESTAT:EDAT_LFSE_24(1.0),14/09/23 23:00:00,A,Y1-3,ED3-8,Y20-34,F,PC,LU,2017,83.2,
ESTAT:EDAT_LFSE_24(1.0),14/09/23 23:00:00,A,Y1-3,ED3-8,Y20-34,F,PC,LU,2018,89.4,
ESTAT:EDAT_LFSE_24(1.0),14/09/23 23:00:00,A,Y1-3,ED3-8,Y20-34,F,PC,LU,2019,89.1,
ESTAT:EDAT_LFSE_24(1.0),14/09/23 23:00:00,A,Y1-3,ED3-8,Y20-34,F,PC,LU,2020,83.2,
ESTAT:EDAT_LFSE_24(1.0),14/09/23 23:00:00,A,Y1-3,ED3-8,Y20-34,F,PC,LU,2021,82.6,b
ESTAT:EDAT_LFSE_24(1.0),14/09/23 23:00:00,A,Y1-3,ED3-8,Y20-34,F,PC,LU,2022,95.3,
ESTAT:EDAT_LFSE_24(1.0),14/09/23 23:00:00,A,Y1-3,ED3-8,Y20-34,F,PC,LV,2013,74.6,
ESTAT:EDAT_LFSE_24(1.0),14/09/23 23:00:00,A,Y1-3,ED3-8,Y20-34,F,PC,LV,2014,74.2,b
ESTAT:EDAT_LFSE_24(1.0),14/09/23 23:00:00,A,Y1-3,ED3-8,Y20-34,F,PC,LV,2015,75.7,
ESTAT:EDAT_LFSE_24(1.0),14/09/23 23:00:00,A,Y1-3,ED3-8,Y20-34,F,PC,LV,2016,84.9,
ESTAT:EDAT_LFSE_24(1.0),14/09/23 23:00:00,A,Y1-3,ED3-8,Y20-34,F,PC,LV,2017,76.6,
ESTAT:EDAT_LFSE_24(1.0),14/09/23 23:00:00,A,Y1-3,ED3-8,Y20-34,F,PC,LV,2018,82.3,
ESTAT:EDAT_LFSE_24(1.0),14/09/23 23:00:00,A,Y1-3,ED3-8,Y20-34,F,PC,LV,2019,87.1,
ESTAT:EDAT_LFSE_24(1.0),14/09/23 23:00:00,A,Y1-3,ED3-8,Y20-34,F,PC,LV,2020,78.4,
ESTAT:EDAT_LFSE_24(1.0),14/09/23 23:00:00,A,Y1-3,ED3-8,Y20-34,F,PC,LV,2021,78.9,b
ESTAT:EDAT_LFSE_24(1.0),14/09/23 23:00:00,A,Y1-3,ED3-8,Y20-34,F,PC,LV,2022,90.5,
ESTAT:EDAT_LFSE_24(1.0),14/09/23 23:00:00,A,Y1-3,ED3-8,Y20-34,F,PC,ME,2013,61.5,
ESTAT:EDAT_LFSE_24(1.0),14/09/23 23:00:00,A,Y1-3,ED3-8,Y20-34,F,PC,ME,2014,55.2,b
ESTAT:EDAT_LFSE_24(1.0),14/09/23 23:00:00,A,Y1-3,ED3-8,Y20-34,F,PC,ME,2015,64.6,
ESTAT:EDAT_LFSE_24(1.0),14/09/23 23:00:00,A,Y1-3,ED3-8,Y20-34,F,PC,ME,2016,59.1,
ESTAT:EDAT_LFSE_24(1.0),14/09/23 23:00:00,A,Y1-3,ED3-8,Y20-34,F,PC,ME,2017,62.8,
ESTAT:EDAT_LFSE_24(1.0),14/09/23 23:00:00,A,Y1-3,ED3-8,Y20-34,F,PC,ME,2018,64.1,
ESTAT:EDAT_LFSE_24(1.0),14/09/23 23:00:00,A,Y1-3,ED3-8,Y20-34,F,PC,ME,2019,65.1,
ESTAT:EDAT_LFSE_24(1.0),14/09/23 23:00:00,A,Y1-3,ED3-8,Y20-34,F,PC,ME,2020,51.1,
ESTAT:EDAT_LFSE_24(1.0),14/09/23 23:00:00,A,Y1-3,ED3-8,Y20-34,F,PC,MK,2013,40.8,
ESTAT:EDAT_LFSE_24(1.0),14/09/23 23:00:00,A,Y1-3,ED3-8,Y20-34,F,PC,MK,2014,39.6,b
ESTAT:EDAT_LFSE_24(1.0),14/09/23 23:00:00,A,Y1-3,ED3-8,Y20-34,F,PC,MK,2015,50.8,
ESTAT:EDAT_LFSE_24(1.0),14/09/23 23:00:00,A,Y1-3,ED3-8,Y20-34,F,PC,MK,2016,44.7,
ESTAT:EDAT_LFSE_24(1.0),14/09/23 23:00:00,A,Y1-3,ED3-8,Y20-34,F,PC,MK,2017,45.2,
ESTAT:EDAT_LFSE_24(1.0),14/09/23 23:00:00,A,Y1-3,ED3-8,Y20-34,F,PC,MK,2018,48.9,
ESTAT:EDAT_LFSE_24(1.0),14/09/23 23:00:00,A,Y1-3,ED3-8,Y20-34,F,PC,MK,2019,57.0,
ESTAT:EDAT_LFSE_24(1.0),14/09/23 23:00:00,A,Y1-3,ED3-8,Y20-34,F,PC,MK,2020,50.2,
ESTAT:EDAT_LFSE_24(1.0),14/09/23 23:00:00,A,Y1-3,ED3-8,Y20-34,F,PC,MT,2013,91.4,
ESTAT:EDAT_LFSE_24(1.0),14/09/23 23:00:00,A,Y1-3,ED3-8,Y20-34,F,PC,MT,2014,93.4,b
ESTAT:EDAT_LFSE_24(1.0),14/09/23 23:00:00,A,Y1-3,ED3-8,Y20-34,F,PC,MT,2015,94.4,
ESTAT:EDAT_LFSE_24(1.0),14/09/23 23:00:00,A,Y1-3,ED3-8,Y20-34,F,PC,MT,2016,95.2,
ESTAT:EDAT_LFSE_24(1.0),14/09/23 23:00:00,A,Y1-3,ED3-8,Y20-34,F,PC,MT,2017,95.7,b
ESTAT:EDAT_LFSE_24(1.0),14/09/23 23:00:00,A,Y1-3,ED3-8,Y20-34,F,PC,MT,2018,95.4,
ESTAT:EDAT_LFSE_24(1.0),14/09/23 23:00:00,A,Y1-3,ED3-8,Y20-34,F,PC,MT,2019,93.8,
ESTAT:EDAT_LFSE_24(1.0),14/09/23 23:00:00,A,Y1-3,ED3-8,Y20-34,F,PC,MT,2020,91.2,
ESTAT:EDAT_LFSE_24(1.0),14/09/23 23:00:00,A,Y1-3,ED3-8,Y20-34,F,PC,MT,2021,95.5,b
ESTAT:EDAT_LFSE_24(1.0),14/09/23 23:00:00,A,Y1-3,ED3-8,Y20-34,F,PC,MT,2022,90.9,
ESTAT:EDAT_LFSE_24(1.0),14/09/23 23:00:00,A,Y1-3,ED3-8,Y20-34,F,PC,NL,2013,84.6,b
ESTAT:EDAT_LFSE_24(1.0),14/09/23 23:00:00,A,Y1-3,ED3-8,Y20-34,F,PC,NL,2014,85.3,b
ESTAT:EDAT_LFSE_24(1.0),14/09/23 23:00:00,A,Y1-3,ED3-8,Y20-34,F,PC,NL,2015,86.1,
ESTAT:EDAT_LFSE_24(1.0),14/09/23 23:00:00,A,Y1-3,ED3-8,Y20-34,F,PC,NL,2016,89.0,
ESTAT:EDAT_LFSE_24(1.0),14/09/23 23:00:00,A,Y1-3,ED3-8,Y20-34,F,PC,NL,2017,90.5,
ESTAT:EDAT_LFSE_24(1.0),14/09/23 23:00:00,A,Y1-3,ED3-8,Y20-34,F,PC,NL,2018,90.7,
ESTAT:EDAT_LFSE_24(1.0),14/09/23 23:00:00,A,Y1-3,ED3-8,Y20-34,F,PC,NL,2019,91.8,b
ESTAT:EDAT_LFSE_24(1.0),14/09/23 23:00:00,A,Y1-3,ED3-8,Y20-34,F,PC,NL,2020,89.2,
ESTAT:EDAT_LFSE_24(1.0),14/09/23 23:00:00,A,Y1-3,ED3-8,Y20-34,F,PC,NL,2021,93.5,b
ESTAT:EDAT_LFSE_24(1.0),14/09/23 23:00:00,A,Y1-3,ED3-8,Y20-34,F,PC,NL,2022,92.7,
ESTAT:EDAT_LFSE_24(1.0),14/09/23 23:00:00,A,Y1-3,ED3-8,Y20-34,F,PC,NO,2013,88.4,
ESTAT:EDAT_LFSE_24(1.0),14/09/23 23:00:00,A,Y1-3,ED3-8,Y20-34,F,PC,NO,2014,76.5,b
ESTAT:EDAT_LFSE_24(1.0),14/09/23 23:00:00,A,Y1-3,ED3-8,Y20-34,F,PC,NO,2015,93.1,
ESTAT:EDAT_LFSE_24(1.0),14/09/23 23:00:00,A,Y1-3,ED3-8,Y20-34,F,PC,NO,2016,90.5,
ESTAT:EDAT_LFSE_24(1.0),14/09/23 23:00:00,A,Y1-3,ED3-8,Y20-34,F,PC,NO,2017,89.5,
ESTAT:EDAT_LFSE_24(1.0),14/09/23 23:00:00,A,Y1-3,ED3-8,Y20-34,F,PC,NO,2018,91.5,
ESTAT:EDAT_LFSE_24(1.0),14/09/23 23:00:00,A,Y1-3,ED3-8,Y20-34,F,PC,NO,2019,90.5,
ESTAT:EDAT_LFSE_24(1.0),14/09/23 23:00:00,A,Y1-3,ED3-8,Y20-34,F,PC,NO,2020,91.5,
ESTAT:EDAT_LFSE_24(1.0),14/09/23 23:00:00,A,Y1-3,ED3-8,Y20-34,F,PC,NO,2021,93.3,b
ESTAT:EDAT_LFSE_24(1.0),14/09/23 23:00:00,A,Y1-3,ED3-8,Y20-34,F,PC,NO,2022,89.1,
ESTAT:EDAT_LFSE_24(1.0),14/09/23 23:00:00,A,Y1-3,ED3-8,Y20-34,F,PC,PL,2013,68.8,b
ESTAT:EDAT_LFSE_24(1.0),14/09/23 23:00:00,A,Y1-3,ED3-8,Y20-34,F,PC,PL,2014,72.2,b
ESTAT:EDAT_LFSE_24(1.0),14/09/23 23:00:00,A,Y1-3,ED3-8,Y20-34,F,PC,PL,2015,74.6,
ESTAT:EDAT_LFSE_24(1.0),14/09/23 23:00:00,A,Y1-3,ED3-8,Y20-34,F,PC,PL,2016,77.2,
ESTAT:EDAT_LFSE_24(1.0),14/09/23 23:00:00,A,Y1-3,ED3-8,Y20-34,F,PC,PL,2017,77.7,
ESTAT:EDAT_LFSE_24(1.0),14/09/23 23:00:00,A,Y1-3,ED3-8,Y20-34,F,PC,PL,2018,79.5,b
ESTAT:EDAT_LFSE_24(1.0),14/09/23 23:00:00,A,Y1-3,ED3-8,Y20-34,F,PC,PL,2019,80.9,
ESTAT:EDAT_LFSE_24(1.0),14/09/23 23:00:00,A,Y1-3,ED3-8,Y20-34,F,PC,PL,2020,81.3,
ESTAT:EDAT_LFSE_24(1.0),14/09/23 23:00:00,A,Y1-3,ED3-8,Y20-34,F,PC,PL,2021,75.2,b
ESTAT:EDAT_LFSE_24(1.0),14/09/23 23:00:00,A,Y1-3,ED3-8,Y20-34,F,PC,PL,2022,81.6,
ESTAT:EDAT_LFSE_24(1.0),14/09/23 23:00:00,A,Y1-3,ED3-8,Y20-34,F,PC,PT,2013,66.6,
ESTAT:EDAT_LFSE_24(1.0),14/09/23 23:00:00,A,Y1-3,ED3-8,Y20-34,F,PC,PT,2014,69.7,b
ESTAT:EDAT_LFSE_24(1.0),14/09/23 23:00:00,A,Y1-3,ED3-8,Y20-34,F,PC,PT,2015,70.9,
ESTAT:EDAT_LFSE_24(1.0),14/09/23 23:00:00,A,Y1-3,ED3-8,Y20-34,F,PC,PT,2016,71.4,
ESTAT:EDAT_LFSE_24(1.0),14/09/23 23:00:00,A,Y1-3,ED3-8,Y20-34,F,PC,PT,2017,79.5,
ESTAT:EDAT_LFSE_24(1.0),14/09/23 23:00:00,A,Y1-3,ED3-8,Y20-34,F,PC,PT,2018,80.6,
ESTAT:EDAT_LFSE_24(1.0),14/09/23 23:00:00,A,Y1-3,ED3-8,Y20-34,F,PC,PT,2019,79.2,
ESTAT:EDAT_LFSE_24(1.0),14/09/23 23:00:00,A,Y1-3,ED3-8,Y20-34,F,PC,PT,2020,75.4,
ESTAT:EDAT_LFSE_24(1.0),14/09/23 23:00:00,A,Y1-3,ED3-8,Y20-34,F,PC,PT,2021,76.7,b
ESTAT:EDAT_LFSE_24(1.0),14/09/23 23:00:00,A,Y1-3,ED3-8,Y20-34,F,PC,PT,2022,79.9,
ESTAT:EDAT_LFSE_24(1.0),14/09/23 23:00:00,A,Y1-3,ED3-8,Y20-34,F,PC,RO,2013,65.0,
ESTAT:EDAT_LFSE_24(1.0),14/09/23 23:00:00,A,Y1-3,ED3-8,Y20-34,F,PC,RO,2014,61.7,b
ESTAT:EDAT_LFSE_24(1.0),14/09/23 23:00:00,A,Y1-3,ED3-8,Y20-34,F,PC,RO,2015,62.0,
ESTAT:EDAT_LFSE_24(1.0),14/09/23 23:00:00,A,Y1-3,ED3-8,Y20-34,F,PC,RO,2016,63.6,
ESTAT:EDAT_LFSE_24(1.0),14/09/23 23:00:00,A,Y1-3,ED3-8,Y20-34,F,PC,RO,2017,74.5,
ESTAT:EDAT_LFSE_24(1.0),14/09/23 23:00:00,A,Y1-3,ED3-8,Y20-34,F,PC,RO,2018,72.3,
ESTAT:EDAT_LFSE_24(1.0),14/09/23 23:00:00,A,Y1-3,ED3-8,Y20-34,F,PC,RO,2019,71.5,
ESTAT:EDAT_LFSE_24(1.0),14/09/23 23:00:00,A,Y1-3,ED3-8,Y20-34,F,PC,RO,2020,74.2,
ESTAT:EDAT_LFSE_24(1.0),14/09/23 23:00:00,A,Y1-3,ED3-8,Y20-34,F,PC,RO,2021,65.4,b
ESTAT:EDAT_LFSE_24(1.0),14/09/23 23:00:00,A,Y1-3,ED3-8,Y20-34,F,PC,RO,2022,64.0,
ESTAT:EDAT_LFSE_24(1.0),14/09/23 23:00:00,A,Y1-3,ED3-8,Y20-34,F,PC,RS,2013,44.1,
ESTAT:EDAT_LFSE_24(1.0),14/09/23 23:00:00,A,Y1-3,ED3-8,Y20-34,F,PC,RS,2014,46.0,b
ESTAT:EDAT_LFSE_24(1.0),14/09/23 23:00:00,A,Y1-3,ED3-8,Y20-34,F,PC,RS,2015,47.3,
ESTAT:EDAT_LFSE_24(1.0),14/09/23 23:00:00,A,Y1-3,ED3-8,Y20-34,F,PC,RS,2016,50.1,
ESTAT:EDAT_LFSE_24(1.0),14/09/23 23:00:00,A,Y1-3,ED3-8,Y20-34,F,PC,RS,2017,57.0,
ESTAT:EDAT_LFSE_24(1.0),14/09/23 23:00:00,A,Y1-3,ED3-8,Y20-34,F,PC,RS,2018,58.7,
ESTAT:EDAT_LFSE_24(1.0),14/09/23 23:00:00,A,Y1-3,ED3-8,Y20-34,F,PC,RS,2019,64.9,
ESTAT:EDAT_LFSE_24(1.0),14/09/23 23:00:00,A,Y1-3,ED3-8,Y20-34,F,PC,RS,2020,60.2,
ESTAT:EDAT_LFSE_24(1.0),14/09/23 23:00:00,A,Y1-3,ED3-8,Y20-34,F,PC,RS,2021,61.9,b
ESTAT:EDAT_LFSE_24(1.0),14/09/23 23:00:00,A,Y1-3,ED3-8,Y20-34,F,PC,RS,2022,72.8,
ESTAT:EDAT_LFSE_24(1.0),14/09/23 23:00:00,A,Y1-3,ED3-8,Y20-34,F,PC,SE,2013,84.5,
ESTAT:EDAT_LFSE_24(1.0),14/09/23 23:00:00,A,Y1-3,ED3-8,Y20-34,F,PC,SE,2014,85.0,b
ESTAT:EDAT_LFSE_24(1.0),14/09/23 23:00:00,A,Y1-3,ED3-8,Y20-34,F,PC,SE,2015,86.0,
ESTAT:EDAT_LFSE_24(1.0),14/09/23 23:00:00,A,Y1-3,ED3-8,Y20-34,F,PC,SE,2016,86.9,
ESTAT:EDAT_LFSE_24(1.0),14/09/23 23:00:00,A,Y1-3,ED3-8,Y20-34,F,PC,SE,2017,87.8,
ESTAT:EDAT_LFSE_24(1.0),14/09/23 23:00:00,A,Y1-3,ED3-8,Y20-34,F,PC,SE,2018,86.9,b
ESTAT:EDAT_LFSE_24(1.0),14/09/23 23:00:00,A,Y1-3,ED3-8,Y20-34,F,PC,SE,2019,87.7,
ESTAT:EDAT_LFSE_24(1.0),14/09/23 23:00:00,A,Y1-3,ED3-8,Y20-34,F,PC,SE,2020,85.7,
ESTAT:EDAT_LFSE_24(1.0),14/09/23 23:00:00,A,Y1-3,ED3-8,Y20-34,F,PC,SE,2021,88.1,b
ESTAT:EDAT_LFSE_24(1.0),14/09/23 23:00:00,A,Y1-3,ED3-8,Y20-34,F,PC,SE,2022,86.3,
ESTAT:EDAT_LFSE_24(1.0),14/09/23 23:00:00,A,Y1-3,ED3-8,Y20-34,F,PC,SI,2013,68.1,
ESTAT:EDAT_LFSE_24(1.0),14/09/23 23:00:00,A,Y1-3,ED3-8,Y20-34,F,PC,SI,2014,63.9,b
ESTAT:EDAT_LFSE_24(1.0),14/09/23 23:00:00,A,Y1-3,ED3-8,Y20-34,F,PC,SI,2015,68.5,
ESTAT:EDAT_LFSE_24(1.0),14/09/23 23:00:00,A,Y1-3,ED3-8,Y20-34,F,PC,SI,2016,75.2,
ESTAT:EDAT_LFSE_24(1.0),14/09/23 23:00:00,A,Y1-3,ED3-8,Y20-34,F,PC,SI,2017,73.7,
ESTAT:EDAT_LFSE_24(1.0),14/09/23 23:00:00,A,Y1-3,ED3-8,Y20-34,F,PC,SI,2018,79.6,
ESTAT:EDAT_LFSE_24(1.0),14/09/23 23:00:00,A,Y1-3,ED3-8,Y20-34,F,PC,SI,2019,82.5,
ESTAT:EDAT_LFSE_24(1.0),14/09/23 23:00:00,A,Y1-3,ED3-8,Y20-34,F,PC,SI,2020,80.5,
ESTAT:EDAT_LFSE_24(1.0),14/09/23 23:00:00,A,Y1-3,ED3-8,Y20-34,F,PC,SI,2021,81.9,b
ESTAT:EDAT_LFSE_24(1.0),14/09/23 23:00:00,A,Y1-3,ED3-8,Y20-34,F,PC,SI,2022,80.2,u
ESTAT:EDAT_LFSE_24(1.0),14/09/23 23:00:00,A,Y1-3,ED3-8,Y20-34,F,PC,SK,2013,68.0,
ESTAT:EDAT_LFSE_24(1.0),14/09/23 23:00:00,A,Y1-3,ED3-8,Y20-34,F,PC,SK,2014,68.3,b
ESTAT:EDAT_LFSE_24(1.0),14/09/23 23:00:00,A,Y1-3,ED3-8,Y20-34,F,PC,SK,2015,70.8,
ESTAT:EDAT_LFSE_24(1.0),14/09/23 23:00:00,A,Y1-3,ED3-8,Y20-34,F,PC,SK,2016,72.8,
ESTAT:EDAT_LFSE_24(1.0),14/09/23 23:00:00,A,Y1-3,ED3-8,Y20-34,F,PC,SK,2017,75.6,
ESTAT:EDAT_LFSE_24(1.0),14/09/23 23:00:00,A,Y1-3,ED3-8,Y20-34,F,PC,SK,2018,75.6,
ESTAT:EDAT_LFSE_24(1.0),14/09/23 23:00:00,A,Y1-3,ED3-8,Y20-34,F,PC,SK,2019,76.9,
ESTAT:EDAT_LFSE_24(1.0),14/09/23 23:00:00,A,Y1-3,ED3-8,Y20-34,F,PC,SK,2020,79.0,
ESTAT:EDAT_LFSE_24(1.0),14/09/23 23:00:00,A,Y1-3,ED3-8,Y20-34,F,PC,SK,2021,76.7,b
ESTAT:EDAT_LFSE_24(1.0),14/09/23 23:00:00,A,Y1-3,ED3-8,Y20-34,F,PC,SK,2022,83.6,
ESTAT:EDAT_LFSE_24(1.0),14/09/23 23:00:00,A,Y1-3,ED3-8,Y20-34,F,PC,TR,2013,52.0,
ESTAT:EDAT_LFSE_24(1.0),14/09/23 23:00:00,A,Y1-3,ED3-8,Y20-34,F,PC,TR,2014,54.3,b
ESTAT:EDAT_LFSE_24(1.0),14/09/23 23:00:00,A,Y1-3,ED3-8,Y20-34,F,PC,TR,2015,52.0,
ESTAT:EDAT_LFSE_24(1.0),14/09/23 23:00:00,A,Y1-3,ED3-8,Y20-34,F,PC,TR,2016,51.3,
ESTAT:EDAT_LFSE_24(1.0),14/09/23 23:00:00,A,Y1-3,ED3-8,Y20-34,F,PC,TR,2017,51.3,
ESTAT:EDAT_LFSE_24(1.0),14/09/23 23:00:00,A,Y1-3,ED3-8,Y20-34,F,PC,TR,2018,53.1,
ESTAT:EDAT_LFSE_24(1.0),14/09/23 23:00:00,A,Y1-3,ED3-8,Y20-34,F,PC,TR,2019,49.4,
ESTAT:EDAT_LFSE_24(1.0),14/09/23 23:00:00,A,Y1-3,ED3-8,Y20-34,F,PC,TR,2020,44.7,
ESTAT:EDAT_LFSE_24(1.0),14/09/23 23:00:00,A,Y1-3,ED3-8,Y20-34,F,PC,UK,2013,83.1,
ESTAT:EDAT_LFSE_24(1.0),14/09/23 23:00:00,A,Y1-3,ED3-8,Y20-34,F,PC,UK,2014,81.5,b
ESTAT:EDAT_LFSE_24(1.0),14/09/23 23:00:00,A,Y1-3,ED3-8,Y20-34,F,PC,UK,2015,84.9,
ESTAT:EDAT_LFSE_24(1.0),14/09/23 23:00:00,A,Y1-3,ED3-8,Y20-34,F,PC,UK,2016,81.6,
ESTAT:EDAT_LFSE_24(1.0),14/09/23 23:00:00,A,Y1-3,ED3-8,Y20-34,F,PC,UK,2017,85.2,
ESTAT:EDAT_LFSE_24(1.0),14/09/23 23:00:00,A,Y1-3,ED3-8,Y20-34,F,PC,UK,2018,87.0,
ESTAT:EDAT_LFSE_24(1.0),14/09/23 23:00:00,A,Y1-3,ED3-8,Y20-34,F,PC,UK,2019,85.5,
ESTAT:EDAT_LFSE_24(1.0),14/09/23 23:00:00,A,Y1-3,ED3-8,Y20-34,M,PC,AT,2013,91.4,
ESTAT:EDAT_LFSE_24(1.0),14/09/23 23:00:00,A,Y1-3,ED3-8,Y20-34,M,PC,AT,2014,87.5,b
ESTAT:EDAT_LFSE_24(1.0),14/09/23 23:00:00,A,Y1-3,ED3-8,Y20-34,M,PC,AT,2015,87.4,
ESTAT:EDAT_LFSE_24(1.0),14/09/23 23:00:00,A,Y1-3,ED3-8,Y20-34,M,PC,AT,2016,87.1,
ESTAT:EDAT_LFSE_24(1.0),14/09/23 23:00:00,A,Y1-3,ED3-8,Y20-34,M,PC,AT,2017,88.9,
ESTAT:EDAT_LFSE_24(1.0),14/09/23 23:00:00,A,Y1-3,ED3-8,Y20-34,M,PC,AT,2018,91.0,
ESTAT:EDAT_LFSE_24(1.0),14/09/23 23:00:00,A,Y1-3,ED3-8,Y20-34,M,PC,AT,2019,90.5,
ESTAT:EDAT_LFSE_24(1.0),14/09/23 23:00:00,A,Y1-3,ED3-8,Y20-34,M,PC,AT,2020,88.0,
ESTAT:EDAT_LFSE_24(1.0),14/09/23 23:00:00,A,Y1-3,ED3-8,Y20-34,M,PC,AT,2021,89.8,b
ESTAT:EDAT_LFSE_24(1.0),14/09/23 23:00:00,A,Y1-3,ED3-8,Y20-34,M,PC,AT,2022,89.8,
ESTAT:EDAT_LFSE_24(1.0),14/09/23 23:00:00,A,Y1-3,ED3-8,Y20-34,M,PC,BE,2013,79.0,
ESTAT:EDAT_LFSE_24(1.0),14/09/23 23:00:00,A,Y1-3,ED3-8,Y20-34,M,PC,BE,2014,77.6,b
ESTAT:EDAT_LFSE_24(1.0),14/09/23 23:00:00,A,Y1-3,ED3-8,Y20-34,M,PC,BE,2015,78.0,
ESTAT:EDAT_LFSE_24(1.0),14/09/23 23:00:00,A,Y1-3,ED3-8,Y20-34,M,PC,BE,2016,80.2,
ESTAT:EDAT_LFSE_24(1.0),14/09/23 23:00:00,A,Y1-3,ED3-8,Y20-34,M,PC,BE,2017,81.3,b
ESTAT:EDAT_LFSE_24(1.0),14/09/23 23:00:00,A,Y1-3,ED3-8,Y20-34,M,PC,BE,2018,82.6,
ESTAT:EDAT_LFSE_24(1.0),14/09/23 23:00:00,A,Y1-3,ED3-8,Y20-34,M,PC,BE,2019,83.1,
ESTAT:EDAT_LFSE_24(1.0),14/09/23 23:00:00,A,Y1-3,ED3-8,Y20-34,M,PC,BE,2020,84.1,
ESTAT:EDAT_LFSE_24(1.0),14/09/23 23:00:00,A,Y1-3,ED3-8,Y20-34,M,PC,BE,2021,83.9,b
ESTAT:EDAT_LFSE_24(1.0),14/09/23 23:00:00,A,Y1-3,ED3-8,Y20-34,M,PC,BE,2022,81.2,
ESTAT:EDAT_LFSE_24(1.0),14/09/23 23:00:00,A,Y1-3,ED3-8,Y20-34,M,PC,BG,2013,66.2,
ESTAT:EDAT_LFSE_24(1.0),14/09/23 23:00:00,A,Y1-3,ED3-8,Y20-34,M,PC,BG,2014,64.6,b
ESTAT:EDAT_LFSE_24(1.0),14/09/23 23:00:00,A,Y1-3,ED3-8,Y20-34,M,PC,BG,2015,75.2,
ESTAT:EDAT_LFSE_24(1.0),14/09/23 23:00:00,A,Y1-3,ED3-8,Y20-34,M,PC,BG,2016,75.5,
ESTAT:EDAT_LFSE_24(1.0),14/09/23 23:00:00,A,Y1-3,ED3-8,Y20-34,M,PC,BG,2017,78.0,
ESTAT:EDAT_LFSE_24(1.0),14/09/23 23:00:00,A,Y1-3,ED3-8,Y20-34,M,PC,BG,2018,82.4,
ESTAT:EDAT_LFSE_24(1.0),14/09/23 23:00:00,A,Y1-3,ED3-8,Y20-34,M,PC,BG,2019,85.8,
ESTAT:EDAT_LFSE_24(1.0),14/09/23 23:00:00,A,Y1-3,ED3-8,Y20-34,M,PC,BG,2020,80.9,
ESTAT:EDAT_LFSE_24(1.0),14/09/23 23:00:00,A,Y1-3,ED3-8,Y20-34,M,PC,BG,2021,75.7,b
ESTAT:EDAT_LFSE_24(1.0),14/09/23 23:00:00,A,Y1-3,ED3-8,Y20-34,M,PC,BG,2022,81.7,
ESTAT:EDAT_LFSE_24(1.0),14/09/23 23:00:00,A,Y1-3,ED3-8,Y20-34,M,PC,CH,2013,82.7,
ESTAT:EDAT_LFSE_24(1.0),14/09/23 23:00:00,A,Y1-3,ED3-8,Y20-34,M,PC,CH,2014,86.1,b
ESTAT:EDAT_LFSE_24(1.0),14/09/23 23:00:00,A,Y1-3,ED3-8,Y20-34,M,PC,CH,2015,84.0,
ESTAT:EDAT_LFSE_24(1.0),14/09/23 23:00:00,A,Y1-3,ED3-8,Y20-34,M,PC,CH,2016,88.8,
ESTAT:EDAT_LFSE_24(1.0),14/09/23 23:00:00,A,Y1-3,ED3-8,Y20-34,M,PC,CH,2017,83.2,
ESTAT:EDAT_LFSE_24(1.0),14/09/23 23:00:00,A,Y1-3,ED3-8,Y20-34,M,PC,CH,2018,88.1,
ESTAT:EDAT_LFSE_24(1.0),14/09/23 23:00:00,A,Y1-3,ED3-8,Y20-34,M,PC,CH,2019,87.9,
ESTAT:EDAT_LFSE_24(1.0),14/09/23 23:00:00,A,Y1-3,ED3-8,Y20-34,M,PC,CH,2020,87.4,
ESTAT:EDAT_LFSE_24(1.0),14/09/23 23:00:00,A,Y1-3,ED3-8,Y20-34,M,PC,CH,2021,87.0,b
ESTAT:EDAT_LFSE_24(1.0),14/09/23 23:00:00,A,Y1-3,ED3-8,Y20-34,M,PC,CH,2022,83.1,
ESTAT:EDAT_LFSE_24(1.0),14/09/23 23:00:00,A,Y1-3,ED3-8,Y20-34,M,PC,CY,2013,62.6,
ESTAT:EDAT_LFSE_24(1.0),14/09/23 23:00:00,A,Y1-3,ED3-8,Y20-34,M,PC,CY,2014,68.5,b
ESTAT:EDAT_LFSE_24(1.0),14/09/23 23:00:00,A,Y1-3,ED3-8,Y20-34,M,PC,CY,2015,67.7,
ESTAT:EDAT_LFSE_24(1.0),14/09/23 23:00:00,A,Y1-3,ED3-8,Y20-34,M,PC,CY,2016,72.5,
ESTAT:EDAT_LFSE_24(1.0),14/09/23 23:00:00,A,Y1-3,ED3-8,Y20-34,M,PC,CY,2017,68.6,
ESTAT:EDAT_LFSE_24(1.0),14/09/23 23:00:00,A,Y1-3,ED3-8,Y20-34,M,PC,CY,2018,73.8,
ESTAT:EDAT_LFSE_24(1.0),14/09/23 23:00:00,A,Y1-3,ED3-8,Y20-34,M,PC,CY,2019,85.3,
ESTAT:EDAT_LFSE_24(1.0),14/09/23 23:00:00,A,Y1-3,ED3-8,Y20-34,M,PC,CY,2020,76.7,
ESTAT:EDAT_LFSE_24(1.0),14/09/23 23:00:00,A,Y1-3,ED3-8,Y20-34,M,PC,CY,2021,80.0,b
ESTAT:EDAT_LFSE_24(1.0),14/09/23 23:00:00,A,Y1-3,ED3-8,Y20-34,M,PC,CY,2022,85.5,
ESTAT:EDAT_LFSE_24(1.0),14/09/23 23:00:00,A,Y1-3,ED3-8,Y20-34,M,PC,CZ,2013,87.5,b
ESTAT:EDAT_LFSE_24(1.0),14/09/23 23:00:00,A,Y1-3,ED3-8,Y20-34,M,PC,CZ,2014,88.5,b
ESTAT:EDAT_LFSE_24(1.0),14/09/23 23:00:00,A,Y1-3,ED3-8,Y20-34,M,PC,CZ,2015,90.3,
ESTAT:EDAT_LFSE_24(1.0),14/09/23 23:00:00,A,Y1-3,ED3-8,Y20-34,M,PC,CZ,2016,94.2,
ESTAT:EDAT_LFSE_24(1.0),14/09/23 23:00:00,A,Y1-3,ED3-8,Y20-34,M,PC,CZ,2017,95.2,
ESTAT:EDAT_LFSE_24(1.0),14/09/23 23:00:00,A,Y1-3,ED3-8,Y20-34,M,PC,CZ,2018,95.9,
ESTAT:EDAT_LFSE_24(1.0),14/09/23 23:00:00,A,Y1-3,ED3-8,Y20-34,M,PC,CZ,2019,95.3,
ESTAT:EDAT_LFSE_24(1.0),14/09/23 23:00:00,A,Y1-3,ED3-8,Y20-34,M,PC,CZ,2020,93.4,
ESTAT:EDAT_LFSE_24(1.0),14/09/23 23:00:00,A,Y1-3,ED3-8,Y20-34,M,PC,CZ,2021,92.2,b
ESTAT:EDAT_LFSE_24(1.0),14/09/23 23:00:00,A,Y1-3,ED3-8,Y20-34,M,PC,CZ,2022,88.7,b
ESTAT:EDAT_LFSE_24(1.0),14/09/23 23:00:00,A,Y1-3,ED3-8,Y20-34,M,PC,DE,2013,91.2,
ESTAT:EDAT_LFSE_24(1.0),14/09/23 23:00:00,A,Y1-3,ED3-8,Y20-34,M,PC,DE,2014,91.6,b
ESTAT:EDAT_LFSE_24(1.0),14/09/23 23:00:00,A,Y1-3,ED3-8,Y20-34,M,PC,DE,2015,92.1,
ESTAT:EDAT_LFSE_24(1.0),14/09/23 23:00:00,A,Y1-3,ED3-8,Y20-34,M,PC,DE,2016,92.0,
ESTAT:EDAT_LFSE_24(1.0),14/09/23 23:00:00,A,Y1-3,ED3-8,Y20-34,M,PC,DE,2017,92.7,
ESTAT:EDAT_LFSE_24(1.0),14/09/23 23:00:00,A,Y1-3,ED3-8,Y20-34,M,PC,DE,2018,94.1,
ESTAT:EDAT_LFSE_24(1.0),14/09/23 23:00:00,A,Y1-3,ED3-8,Y20-34,M,PC,DE,2019,94.4,
ESTAT:EDAT_LFSE_24(1.0),14/09/23 23:00:00,A,Y1-3,ED3-8,Y20-34,M,PC,DE,2020,91.9,b
ESTAT:EDAT_LFSE_24(1.0),14/09/23 23:00:00,A,Y1-3,ED3-8,Y20-34,M,PC,DE,2021,92.9,b
ESTAT:EDAT_LFSE_24(1.0),14/09/23 23:00:00,A,Y1-3,ED3-8,Y20-34,M,PC,DE,2022,93.0,
ESTAT:EDAT_LFSE_24(1.0),14/09/23 23:00:00,A,Y1-3,ED3-8,Y20-34,M,PC,DK,2013,84.0,
ESTAT:EDAT_LFSE_24(1.0),14/09/23 23:00:00,A,Y1-3,ED3-8,Y20-34,M,PC,DK,2014,86.1,b
ESTAT:EDAT_LFSE_24(1.0),14/09/23 23:00:00,A,Y1-3,ED3-8,Y20-34,M,PC,DK,2015,84.1,
ESTAT:EDAT_LFSE_24(1.0),14/09/23 23:00:00,A,Y1-3,ED3-8,Y20-34,M,PC,DK,2016,85.3,b
ESTAT:EDAT_LFSE_24(1.0),14/09/23 23:00:00,A,Y1-3,ED3-8,Y20-34,M,PC,DK,2017,85.3,b
ESTAT:EDAT_LFSE_24(1.0),14/09/23 23:00:00,A,Y1-3,ED3-8,Y20-34,M,PC,DK,2018,87.6,
ESTAT:EDAT_LFSE_24(1.0),14/09/23 23:00:00,A,Y1-3,ED3-8,Y20-34,M,PC,DK,2019,87.8,
ESTAT:EDAT_LFSE_24(1.0),14/09/23 23:00:00,A,Y1-3,ED3-8,Y20-34,M,PC,DK,2020,86.0,
ESTAT:EDAT_LFSE_24(1.0),14/09/23 23:00:00,A,Y1-3,ED3-8,Y20-34,M,PC,DK,2021,87.3,b
ESTAT:EDAT_LFSE_24(1.0),14/09/23 23:00:00,A,Y1-3,ED3-8,Y20-34,M,PC,DK,2022,87.5,
ESTAT:EDAT_LFSE_24(1.0),14/09/23 23:00:00,A,Y1-3,ED3-8,Y20-34,M,PC,EE,2013,82.5,
ESTAT:EDAT_LFSE_24(1.0),14/09/23 23:00:00,A,Y1-3,ED3-8,Y20-34,M,PC,EE,2014,82.8,b
ESTAT:EDAT_LFSE_24(1.0),14/09/23 23:00:00,A,Y1-3,ED3-8,Y20-34,M,PC,EE,2015,84.5,
ESTAT:EDAT_LFSE_24(1.0),14/09/23 23:00:00,A,Y1-3,ED3-8,Y20-34,M,PC,EE,2016,86.6,
ESTAT:EDAT_LFSE_24(1.0),14/09/23 23:00:00,A,Y1-3,ED3-8,Y20-34,M,PC,EE,2017,86.6,
ESTAT:EDAT_LFSE_24(1.0),14/09/23 23:00:00,A,Y1-3,ED3-8,Y20-34,M,PC,EE,2018,86.6,
ESTAT:EDAT_LFSE_24(1.0),14/09/23 23:00:00,A,Y1-3,ED3-8,Y20-34,M,PC,EE,2019,88.0,
ESTAT:EDAT_LFSE_24(1.0),14/09/23 23:00:00,A,Y1-3,ED3-8,Y20-34,M,PC,EE,2020,83.1,
ESTAT:EDAT_LFSE_24(1.0),14/09/23 23:00:00,A,Y1-3,ED3-8,Y20-34,M,PC,EE,2021,80.3,b
ESTAT:EDAT_LFSE_24(1.0),14/09/23 23:00:00,A,Y1-3,ED3-8,Y20-34,M,PC,EE,2022,70.7,
ESTAT:EDAT_LFSE_24(1.0),14/09/23 23:00:00,A,Y1-3,ED3-8,Y20-34,M,PC,EL,2013,42.7,
ESTAT:EDAT_LFSE_24(1.0),14/09/23 23:00:00,A,Y1-3,ED3-8,Y20-34,M,PC,EL,2014,46.9,b
ESTAT:EDAT_LFSE_24(1.0),14/09/23 23:00:00,A,Y1-3,ED3-8,Y20-34,M,PC,EL,2015,46.4,
ESTAT:EDAT_LFSE_24(1.0),14/09/23 23:00:00,A,Y1-3,ED3-8,Y20-34,M,PC,EL,2016,51.9,
ESTAT:EDAT_LFSE_24(1.0),14/09/23 23:00:00,A,Y1-3,ED3-8,Y20-34,M,PC,EL,2017,52.5,
ESTAT:EDAT_LFSE_24(1.0),14/09/23 23:00:00,A,Y1-3,ED3-8,Y20-34,M,PC,EL,2018,58.1,
ESTAT:EDAT_LFSE_24(1.0),14/09/23 23:00:00,A,Y1-3,ED3-8,Y20-34,M,PC,EL,2019,58.9,
ESTAT:EDAT_LFSE_24(1.0),14/09/23 23:00:00,A,Y1-3,ED3-8,Y20-34,M,PC,EL,2020,53.4,
ESTAT:EDAT_LFSE_24(1.0),14/09/23 23:00:00,A,Y1-3,ED3-8,Y20-34,M,PC,EL,2021,61.8,b
ESTAT:EDAT_LFSE_24(1.0),14/09/23 23:00:00,A,Y1-3,ED3-8,Y20-34,M,PC,EL,2022,65.8,
ESTAT:EDAT_LFSE_24(1.0),14/09/23 23:00:00,A,Y1-3,ED3-8,Y20-34,M,PC,ES,2013,60.4,
ESTAT:EDAT_LFSE_24(1.0),14/09/23 23:00:00,A,Y1-3,ED3-8,Y20-34,M,PC,ES,2014,63.3,b
ESTAT:EDAT_LFSE_24(1.0),14/09/23 23:00:00,A,Y1-3,ED3-8,Y20-34,M,PC,ES,2015,65.3,
ESTAT:EDAT_LFSE_24(1.0),14/09/23 23:00:00,A,Y1-3,ED3-8,Y20-34,M,PC,ES,2016,70.8,
ESTAT:EDAT_LFSE_24(1.0),14/09/23 23:00:00,A,Y1-3,ED3-8,Y20-34,M,PC,ES,2017,70.3,
ESTAT:EDAT_LFSE_24(1.0),14/09/23 23:00:00,A,Y1-3,ED3-8,Y20-34,M,PC,ES,2018,75.9,
ESTAT:EDAT_LFSE_24(1.0),14/09/23 23:00:00,A,Y1-3,ED3-8,Y20-34,M,PC,ES,2019,74.0,
ESTAT:EDAT_LFSE_24(1.0),14/09/23 23:00:00,A,Y1-3,ED3-8,Y20-34,M,PC,ES,2020,69.9,
ESTAT:EDAT_LFSE_24(1.0),14/09/23 23:00:00,A,Y1-3,ED3-8,Y20-34,M,PC,ES,2021,72.4,bd
ESTAT:EDAT_LFSE_24(1.0),14/09/23 23:00:00,A,Y1-3,ED3-8,Y20-34,M,PC,ES,2022,80.8,d
ESTAT:EDAT_LFSE_24(1.0),14/09/23 23:00:00,A,Y1-3,ED3-8,Y20-34,M,PC,EU27_2020,2013,76.8,
ESTAT:EDAT_LFSE_24(1.0),14/09/23 23:00:00,A,Y1-3,ED3-8,Y20-34,M,PC,EU27_2020,2014,76.9,b
ESTAT:EDAT_LFSE_24(1.0),14/09/23 23:00:00,A,Y1-3,ED3-8,Y20-34,M,PC,EU27_2020,2015,77.3,
ESTAT:EDAT_LFSE_24(1.0),14/09/23 23:00:00,A,Y1-3,ED3-8,Y20-34,M,PC,EU27_2020,2016,79.6,
ESTAT:EDAT_LFSE_24(1.0),14/09/23 23:00:00,A,Y1-3,ED3-8,Y20-34,M,PC,EU27_2020,2017,81.0,
ESTAT:EDAT_LFSE_24(1.0),14/09/23 23:00:00,A,Y1-3,ED3-8,Y20-34,M,PC,EU27_2020,2018,82.9,
ESTAT:EDAT_LFSE_24(1.0),14/09/23 23:00:00,A,Y1-3,ED3-8,Y20-34,M,PC,EU27_2020,2019,83.3,
ESTAT:EDAT_LFSE_24(1.0),14/09/23 23:00:00,A,Y1-3,ED3-8,Y20-34,M,PC,EU27_2020,2020,79.9,
ESTAT:EDAT_LFSE_24(1.0),14/09/23 23:00:00,A,Y1-3,ED3-8,Y20-34,M,PC,EU27_2020,2021,81.0,b
ESTAT:EDAT_LFSE_24(1.0),14/09/23 23:00:00,A,Y1-3,ED3-8,Y20-34,M,PC,EU27_2020,2022,83.5,
ESTAT:EDAT_LFSE_24(1.0),14/09/23 23:00:00,A,Y1-3,ED3-8,Y20-34,M,PC,FI,2013,80.0,
ESTAT:EDAT_LFSE_24(1.0),14/09/23 23:00:00,A,Y1-3,ED3-8,Y20-34,M,PC,FI,2014,77.4,b
ESTAT:EDAT_LFSE_24(1.0),14/09/23 23:00:00,A,Y1-3,ED3-8,Y20-34,M,PC,FI,2015,75.1,
ESTAT:EDAT_LFSE_24(1.0),14/09/23 23:00:00,A,Y1-3,ED3-8,Y20-34,M,PC,FI,2016,80.5,
ESTAT:EDAT_LFSE_24(1.0),14/09/23 23:00:00,A,Y1-3,ED3-8,Y20-34,M,PC,FI,2017,82.3,
ESTAT:EDAT_LFSE_24(1.0),14/09/23 23:00:00,A,Y1-3,ED3-8,Y20-34,M,PC,FI,2018,86.3,
ESTAT:EDAT_LFSE_24(1.0),14/09/23 23:00:00,A,Y1-3,ED3-8,Y20-34,M,PC,FI,2019,85.8,
ESTAT:EDAT_LFSE_24(1.0),14/09/23 23:00:00,A,Y1-3,ED3-8,Y20-34,M,PC,FI,2020,82.3,
ESTAT:EDAT_LFSE_24(1.0),14/09/23 23:00:00,A,Y1-3,ED3-8,Y20-34,M,PC,FI,2021,78.8,b
ESTAT:EDAT_LFSE_24(1.0),14/09/23 23:00:00,A,Y1-3,ED3-8,Y20-34,M,PC,FI,2022,86.1,
ESTAT:EDAT_LFSE_24(1.0),14/09/23 23:00:00,A,Y1-3,ED3-8,Y20-34,M,PC,FR,2013,78.3,b
ESTAT:EDAT_LFSE_24(1.0),14/09/23 23:00:00,A,Y1-3,ED3-8,Y20-34,M,PC,FR,2014,76.8,b
ESTAT:EDAT_LFSE_24(1.0),14/09/23 23:00:00,A,Y1-3,ED3-8,Y20-34,M,PC,FR,2015,70.5,
ESTAT:EDAT_LFSE_24(1.0),14/09/23 23:00:00,A,Y1-3,ED3-8,Y20-34,M,PC,FR,2016,72.3,
ESTAT:EDAT_LFSE_24(1.0),14/09/23 23:00:00,A,Y1-3,ED3-8,Y20-34,M,PC,FR,2017,73.4,
ESTAT:EDAT_LFSE_24(1.0),14/09/23 23:00:00,A,Y1-3,ED3-8,Y20-34,M,PC,FR,2018,76.4,
ESTAT:EDAT_LFSE_24(1.0),14/09/23 23:00:00,A,Y1-3,ED3-8,Y20-34,M,PC,FR,2019,77.4,
ESTAT:EDAT_LFSE_24(1.0),14/09/23 23:00:00,A,Y1-3,ED3-8,Y20-34,M,PC,FR,2020,73.1,
ESTAT:EDAT_LFSE_24(1.0),14/09/23 23:00:00,A,Y1-3,ED3-8,Y20-34,M,PC,FR,2021,76.8,bd
ESTAT:EDAT_LFSE_24(1.0),14/09/23 23:00:00,A,Y1-3,ED3-8,Y20-34,M,PC,FR,2022,76.8,d
ESTAT:EDAT_LFSE_24(1.0),14/09/23 23:00:00,A,Y1-3,ED3-8,Y20-34,M,PC,HR,2013,53.9,
ESTAT:EDAT_LFSE_24(1.0),14/09/23 23:00:00,A,Y1-3,ED3-8,Y20-34,M,PC,HR,2014,61.5,b
ESTAT:EDAT_LFSE_24(1.0),14/09/23 23:00:00,A,Y1-3,ED3-8,Y20-34,M,PC,HR,2015,62.6,
ESTAT:EDAT_LFSE_24(1.0),14/09/23 23:00:00,A,Y1-3,ED3-8,Y20-34,M,PC,HR,2016,72.1,
ESTAT:EDAT_LFSE_24(1.0),14/09/23 23:00:00,A,Y1-3,ED3-8,Y20-34,M,PC,HR,2017,69.2,
ESTAT:EDAT_LFSE_24(1.0),14/09/23 23:00:00,A,Y1-3,ED3-8,Y20-34,M,PC,HR,2018,76.1,
ESTAT:EDAT_LFSE_24(1.0),14/09/23 23:00:00,A,Y1-3,ED3-8,Y20-34,M,PC,HR,2019,75.5,
ESTAT:EDAT_LFSE_24(1.0),14/09/23 23:00:00,A,Y1-3,ED3-8,Y20-34,M,PC,HR,2020,75.6,
ESTAT:EDAT_LFSE_24(1.0),14/09/23 23:00:00,A,Y1-3,ED3-8,Y20-34,M,PC,HR,2021,76.9,b
ESTAT:EDAT_LFSE_24(1.0),14/09/23 23:00:00,A,Y1-3,ED3-8,Y20-34,M,PC,HR,2022,80.0,
ESTAT:EDAT_LFSE_24(1.0),14/09/23 23:00:00,A,Y1-3,ED3-8,Y20-34,M,PC,HU,2013,77.9,
ESTAT:EDAT_LFSE_24(1.0),14/09/23 23:00:00,A,Y1-3,ED3-8,Y20-34,M,PC,HU,2014,81.8,b
ESTAT:EDAT_LFSE_24(1.0),14/09/23 23:00:00,A,Y1-3,ED3-8,Y20-34,M,PC,HU,2015,83.1,b
ESTAT:EDAT_LFSE_24(1.0),14/09/23 23:00:00,A,Y1-3,ED3-8,Y20-34,M,PC,HU,2016,89.1,
ESTAT:EDAT_LFSE_24(1.0),14/09/23 23:00:00,A,Y1-3,ED3-8,Y20-34,M,PC,HU,2017,90.2,
ESTAT:EDAT_LFSE_24(1.0),14/09/23 23:00:00,A,Y1-3,ED3-8,Y20-34,M,PC,HU,2018,91.6,
ESTAT:EDAT_LFSE_24(1.0),14/09/23 23:00:00,A,Y1-3,ED3-8,Y20-34,M,PC,HU,2019,89.8,
ESTAT:EDAT_LFSE_24(1.0),14/09/23 23:00:00,A,Y1-3,ED3-8,Y20-34,M,PC,HU,2020,86.8,
ESTAT:EDAT_LFSE_24(1.0),14/09/23 23:00:00,A,Y1-3,ED3-8,Y20-34,M,PC,HU,2021,89.1,b
ESTAT:EDAT_LFSE_24(1.0),14/09/23 23:00:00,A,Y1-3,ED3-8,Y20-34,M,PC,HU,2022,91.4,
ESTAT:EDAT_LFSE_24(1.0),14/09/23 23:00:00,A,Y1-3,ED3-8,Y20-34,M,PC,IE,2013,74.3,
ESTAT:EDAT_LFSE_24(1.0),14/09/23 23:00:00,A,Y1-3,ED3-8,Y20-34,M,PC,IE,2014,75.9,b
ESTAT:EDAT_LFSE_24(1.0),14/09/23 23:00:00,A,Y1-3,ED3-8,Y20-34,M,PC,IE,2015,77.7,
ESTAT:EDAT_LFSE_24(1.0),14/09/23 23:00:00,A,Y1-3,ED3-8,Y20-34,M,PC,IE,2016,80.9,
ESTAT:EDAT_LFSE_24(1.0),14/09/23 23:00:00,A,Y1-3,ED3-8,Y20-34,M,PC,IE,2017,84.6,b
ESTAT:EDAT_LFSE_24(1.0),14/09/23 23:00:00,A,Y1-3,ED3-8,Y20-34,M,PC,IE,2018,85.9,
ESTAT:EDAT_LFSE_24(1.0),14/09/23 23:00:00,A,Y1-3,ED3-8,Y20-34,M,PC,IE,2019,86.6,
ESTAT:EDAT_LFSE_24(1.0),14/09/23 23:00:00,A,Y1-3,ED3-8,Y20-34,M,PC,IE,2020,80.3,
ESTAT:EDAT_LFSE_24(1.0),14/09/23 23:00:00,A,Y1-3,ED3-8,Y20-34,M,PC,IE,2021,87.2,b
ESTAT:EDAT_LFSE_24(1.0),14/09/23 23:00:00,A,Y1-3,ED3-8,Y20-34,M,PC,IE,2022,89.3,
ESTAT:EDAT_LFSE_24(1.0),14/09/23 23:00:00,A,Y1-3,ED3-8,Y20-34,M,PC,IS,2013,87.7,
ESTAT:EDAT_LFSE_24(1.0),14/09/23 23:00:00,A,Y1-3,ED3-8,Y20-34,M,PC,IS,2014,88.6,b
ESTAT:EDAT_LFSE_24(1.0),14/09/23 23:00:00,A,Y1-3,ED3-8,Y20-34,M,PC,IS,2015,92.8,
ESTAT:EDAT_LFSE_24(1.0),14/09/23 23:00:00,A,Y1-3,ED3-8,Y20-34,M,PC,IS,2016,93.9,
ESTAT:EDAT_LFSE_24(1.0),14/09/23 23:00:00,A,Y1-3,ED3-8,Y20-34,M,PC,IS,2017,95.8,
ESTAT:EDAT_LFSE_24(1.0),14/09/23 23:00:00,A,Y1-3,ED3-8,Y20-34,M,PC,IS,2018,96.1,
ESTAT:EDAT_LFSE_24(1.0),14/09/23 23:00:00,A,Y1-3,ED3-8,Y20-34,M,PC,IS,2019,92.8,
ESTAT:EDAT_LFSE_24(1.0),14/09/23 23:00:00,A,Y1-3,ED3-8,Y20-34,M,PC,IS,2020,88.9,b
ESTAT:EDAT_LFSE_24(1.0),14/09/23 23:00:00,A,Y1-3,ED3-8,Y20-34,M,PC,IS,2022,94.1,
ESTAT:EDAT_LFSE_24(1.0),14/09/23 23:00:00,A,Y1-3,ED3-8,Y20-34,M,PC,IT,2013,49.4,
ESTAT:EDAT_LFSE_24(1.0),14/09/23 23:00:00,A,Y1-3,ED3-8,Y20-34,M,PC,IT,2014,46.9,b
ESTAT:EDAT_LFSE_24(1.0),14/09/23 23:00:00,A,Y1-3,ED3-8,Y20-34,M,PC,IT,2015,51.6,
ESTAT:EDAT_LFSE_24(1.0),14/09/23 23:00:00,A,Y1-3,ED3-8,Y20-34,M,PC,IT,2016,56.0,
ESTAT:EDAT_LFSE_24(1.0),14/09/23 23:00:00,A,Y1-3,ED3-8,Y20-34,M,PC,IT,2017,57.4,
ESTAT:EDAT_LFSE_24(1.0),14/09/23 23:00:00,A,Y1-3,ED3-8,Y20-34,M,PC,IT,2018,58.9,
ESTAT:EDAT_LFSE_24(1.0),14/09/23 23:00:00,A,Y1-3,ED3-8,Y20-34,M,PC,IT,2019,61.7,
ESTAT:EDAT_LFSE_24(1.0),14/09/23 23:00:00,A,Y1-3,ED3-8,Y20-34,M,PC,IT,2020,60.4,
ESTAT:EDAT_LFSE_24(1.0),14/09/23 23:00:00,A,Y1-3,ED3-8,Y20-34,M,PC,IT,2021,61.5,b
ESTAT:EDAT_LFSE_24(1.0),14/09/23 23:00:00,A,Y1-3,ED3-8,Y20-34,M,PC,IT,2022,66.0,
ESTAT:EDAT_LFSE_24(1.0),14/09/23 23:00:00,A,Y1-3,ED3-8,Y20-34,M,PC,LT,2013,74.2,
ESTAT:EDAT_LFSE_24(1.0),14/09/23 23:00:00,A,Y1-3,ED3-8,Y20-34,M,PC,LT,2014,82.8,b
ESTAT:EDAT_LFSE_24(1.0),14/09/23 23:00:00,A,Y1-3,ED3-8,Y20-34,M,PC,LT,2015,83.9,
ESTAT:EDAT_LFSE_24(1.0),14/09/23 23:00:00,A,Y1-3,ED3-8,Y20-34,M,PC,LT,2016,80.3,
ESTAT:EDAT_LFSE_24(1.0),14/09/23 23:00:00,A,Y1-3,ED3-8,Y20-34,M,PC,LT,2017,83.6,
ESTAT:EDAT_LFSE_24(1.0),14/09/23 23:00:00,A,Y1-3,ED3-8,Y20-34,M,PC,LT,2018,86.6,
ESTAT:EDAT_LFSE_24(1.0),14/09/23 23:00:00,A,Y1-3,ED3-8,Y20-34,M,PC,LT,2019,80.1,
ESTAT:EDAT_LFSE_24(1.0),14/09/23 23:00:00,A,Y1-3,ED3-8,Y20-34,M,PC,LT,2020,73.3,
ESTAT:EDAT_LFSE_24(1.0),14/09/23 23:00:00,A,Y1-3,ED3-8,Y20-34,M,PC,LT,2021,80.6,b
ESTAT:EDAT_LFSE_24(1.0),14/09/23 23:00:00,A,Y1-3,ED3-8,Y20-34,M,PC,LT,2022,81.8,
ESTAT:EDAT_LFSE_24(1.0),14/09/23 23:00:00,A,Y1-3,ED3-8,Y20-34,M,PC,LU,2013,79.7,
ESTAT:EDAT_LFSE_24(1.0),14/09/23 23:00:00,A,Y1-3,ED3-8,Y20-34,M,PC,LU,2014,82.7,b
ESTAT:EDAT_LFSE_24(1.0),14/09/23 23:00:00,A,Y1-3,ED3-8,Y20-34,M,PC,LU,2015,86.6,b
ESTAT:EDAT_LFSE_24(1.0),14/09/23 23:00:00,A,Y1-3,ED3-8,Y20-34,M,PC,LU,2016,91.7,
ESTAT:EDAT_LFSE_24(1.0),14/09/23 23:00:00,A,Y1-3,ED3-8,Y20-34,M,PC,LU,2017,93.7,
ESTAT:EDAT_LFSE_24(1.0),14/09/23 23:00:00,A,Y1-3,ED3-8,Y20-34,M,PC,LU,2018,86.5,
ESTAT:EDAT_LFSE_24(1.0),14/09/23 23:00:00,A,Y1-3,ED3-8,Y20-34,M,PC,LU,2019,89.7,
ESTAT:EDAT_LFSE_24(1.0),14/09/23 23:00:00,A,Y1-3,ED3-8,Y20-34,M,PC,LU,2020,76.8,
ESTAT:EDAT_LFSE_24(1.0),14/09/23 23:00:00,A,Y1-3,ED3-8,Y20-34,M,PC,LU,2021,84.4,b
ESTAT:EDAT_LFSE_24(1.0),14/09/23 23:00:00,A,Y1-3,ED3-8,Y20-34,M,PC,LU,2022,91.5,
ESTAT:EDAT_LFSE_24(1.0),14/09/23 23:00:00,A,Y1-3,ED3-8,Y20-34,M,PC,LV,2013,82.6,
ESTAT:EDAT_LFSE_24(1.0),14/09/23 23:00:00,A,Y1-3,ED3-8,Y20-34,M,PC,LV,2014,80.1,b
ESTAT:EDAT_LFSE_24(1.0),14/09/23 23:00:00,A,Y1-3,ED3-8,Y20-34,M,PC,LV,2015,82.6,
ESTAT:EDAT_LFSE_24(1.0),14/09/23 23:00:00,A,Y1-3,ED3-8,Y20-34,M,PC,LV,2016,77.5,
ESTAT:EDAT_LFSE_24(1.0),14/09/23 23:00:00,A,Y1-3,ED3-8,Y20-34,M,PC,LV,2017,79.4,
ESTAT:EDAT_LFSE_24(1.0),14/09/23 23:00:00,A,Y1-3,ED3-8,Y20-34,M,PC,LV,2018,86.7,
ESTAT:EDAT_LFSE_24(1.0),14/09/23 23:00:00,A,Y1-3,ED3-8,Y20-34,M,PC,LV,2019,81.2,
ESTAT:EDAT_LFSE_24(1.0),14/09/23 23:00:00,A,Y1-3,ED3-8,Y20-34,M,PC,LV,2020,79.9,
ESTAT:EDAT_LFSE_24(1.0),14/09/23 23:00:00,A,Y1-3,ED3-8,Y20-34,M,PC,LV,2021,77.4,b
ESTAT:EDAT_LFSE_24(1.0),14/09/23 23:00:00,A,Y1-3,ED3-8,Y20-34,M,PC,LV,2022,81.5,
ESTAT:EDAT_LFSE_24(1.0),14/09/23 23:00:00,A,Y1-3,ED3-8,Y20-34,M,PC,ME,2013,63.1,
ESTAT:EDAT_LFSE_24(1.0),14/09/23 23:00:00,A,Y1-3,ED3-8,Y20-34,M,PC,ME,2014,54.3,b
ESTAT:EDAT_LFSE_24(1.0),14/09/23 23:00:00,A,Y1-3,ED3-8,Y20-34,M,PC,ME,2015,57.7,
ESTAT:EDAT_LFSE_24(1.0),14/09/23 23:00:00,A,Y1-3,ED3-8,Y20-34,M,PC,ME,2016,58.3,
ESTAT:EDAT_LFSE_24(1.0),14/09/23 23:00:00,A,Y1-3,ED3-8,Y20-34,M,PC,ME,2017,59.2,
ESTAT:EDAT_LFSE_24(1.0),14/09/23 23:00:00,A,Y1-3,ED3-8,Y20-34,M,PC,ME,2018,58.0,
ESTAT:EDAT_LFSE_24(1.0),14/09/23 23:00:00,A,Y1-3,ED3-8,Y20-34,M,PC,ME,2019,65.6,
ESTAT:EDAT_LFSE_24(1.0),14/09/23 23:00:00,A,Y1-3,ED3-8,Y20-34,M,PC,ME,2020,56.7,
ESTAT:EDAT_LFSE_24(1.0),14/09/23 23:00:00,A,Y1-3,ED3-8,Y20-34,M,PC,MK,2013,46.1,
ESTAT:EDAT_LFSE_24(1.0),14/09/23 23:00:00,A,Y1-3,ED3-8,Y20-34,M,PC,MK,2014,45.8,b
ESTAT:EDAT_LFSE_24(1.0),14/09/23 23:00:00,A,Y1-3,ED3-8,Y20-34,M,PC,MK,2015,45.1,
ESTAT:EDAT_LFSE_24(1.0),14/09/23 23:00:00,A,Y1-3,ED3-8,Y20-34,M,PC,MK,2016,49.4,
ESTAT:EDAT_LFSE_24(1.0),14/09/23 23:00:00,A,Y1-3,ED3-8,Y20-34,M,PC,MK,2017,55.1,
ESTAT:EDAT_LFSE_24(1.0),14/09/23 23:00:00,A,Y1-3,ED3-8,Y20-34,M,PC,MK,2018,49.6,
ESTAT:EDAT_LFSE_24(1.0),14/09/23 23:00:00,A,Y1-3,ED3-8,Y20-34,M,PC,MK,2019,57.4,
ESTAT:EDAT_LFSE_24(1.0),14/09/23 23:00:00,A,Y1-3,ED3-8,Y20-34,M,PC,MK,2020,59.1,
ESTAT:EDAT_LFSE_24(1.0),14/09/23 23:00:00,A,Y1-3,ED3-8,Y20-34,M,PC,MT,2013,93.5,
ESTAT:EDAT_LFSE_24(1.0),14/09/23 23:00:00,A,Y1-3,ED3-8,Y20-34,M,PC,MT,2014,93.8,b
ESTAT:EDAT_LFSE_24(1.0),14/09/23 23:00:00,A,Y1-3,ED3-8,Y20-34,M,PC,MT,2015,95.8,
ESTAT:EDAT_LFSE_24(1.0),14/09/23 23:00:00,A,Y1-3,ED3-8,Y20-34,M,PC,MT,2016,96.8,
ESTAT:EDAT_LFSE_24(1.0),14/09/23 23:00:00,A,Y1-3,ED3-8,Y20-34,M,PC,MT,2017,91.4,b
ESTAT:EDAT_LFSE_24(1.0),14/09/23 23:00:00,A,Y1-3,ED3-8,Y20-34,M,PC,MT,2018,94.3,
ESTAT:EDAT_LFSE_24(1.0),14/09/23 23:00:00,A,Y1-3,ED3-8,Y20-34,M,PC,MT,2019,93.2,
ESTAT:EDAT_LFSE_24(1.0),14/09/23 23:00:00,A,Y1-3,ED3-8,Y20-34,M,PC,MT,2020,92.8,
ESTAT:EDAT_LFSE_24(1.0),14/09/23 23:00:00,A,Y1-3,ED3-8,Y20-34,M,PC,MT,2021,83.6,b
ESTAT:EDAT_LFSE_24(1.0),14/09/23 23:00:00,A,Y1-3,ED3-8,Y20-34,M,PC,MT,2022,90.6,
ESTAT:EDAT_LFSE_24(1.0),14/09/23 23:00:00,A,Y1-3,ED3-8,Y20-34,M,PC,NL,2013,87.6,b
ESTAT:EDAT_LFSE_24(1.0),14/09/23 23:00:00,A,Y1-3,ED3-8,Y20-34,M,PC,NL,2014,87.3,b
ESTAT:EDAT_LFSE_24(1.0),14/09/23 23:00:00,A,Y1-3,ED3-8,Y20-34,M,PC,NL,2015,90.6,
ESTAT:EDAT_LFSE_24(1.0),14/09/23 23:00:00,A,Y1-3,ED3-8,Y20-34,M,PC,NL,2016,91.3,
ESTAT:EDAT_LFSE_24(1.0),14/09/23 23:00:00,A,Y1-3,ED3-8,Y20-34,M,PC,NL,2017,90.3,
ESTAT:EDAT_LFSE_24(1.0),14/09/23 23:00:00,A,Y1-3,ED3-8,Y20-34,M,PC,NL,2018,93.4,
ESTAT:EDAT_LFSE_24(1.0),14/09/23 23:00:00,A,Y1-3,ED3-8,Y20-34,M,PC,NL,2019,92.0,b
ESTAT:EDAT_LFSE_24(1.0),14/09/23 23:00:00,A,Y1-3,ED3-8,Y20-34,M,PC,NL,2020,89.3,
ESTAT:EDAT_LFSE_24(1.0),14/09/23 23:00:00,A,Y1-3,ED3-8,Y20-34,M,PC,NL,2021,93.3,b
ESTAT:EDAT_LFSE_24(1.0),14/09/23 23:00:00,A,Y1-3,ED3-8,Y20-34,M,PC,NL,2022,93.1,
ESTAT:EDAT_LFSE_24(1.0),14/09/23 23:00:00,A,Y1-3,ED3-8,Y20-34,M,PC,NO,2013,91.2,
ESTAT:EDAT_LFSE_24(1.0),14/09/23 23:00:00,A,Y1-3,ED3-8,Y20-34,M,PC,NO,2014,92.1,b
ESTAT:EDAT_LFSE_24(1.0),14/09/23 23:00:00,A,Y1-3,ED3-8,Y20-34,M,PC,NO,2015,89.0,
ESTAT:EDAT_LFSE_24(1.0),14/09/23 23:00:00,A,Y1-3,ED3-8,Y20-34,M,PC,NO,2016,89.8,
ESTAT:EDAT_LFSE_24(1.0),14/09/23 23:00:00,A,Y1-3,ED3-8,Y20-34,M,PC,NO,2017,89.0,
ESTAT:EDAT_LFSE_24(1.0),14/09/23 23:00:00,A,Y1-3,ED3-8,Y20-34,M,PC,NO,2018,90.3,
ESTAT:EDAT_LFSE_24(1.0),14/09/23 23:00:00,A,Y1-3,ED3-8,Y20-34,M,PC,NO,2019,90.6,
ESTAT:EDAT_LFSE_24(1.0),14/09/23 23:00:00,A,Y1-3,ED3-8,Y20-34,M,PC,NO,2020,87.9,
ESTAT:EDAT_LFSE_24(1.0),14/09/23 23:00:00,A,Y1-3,ED3-8,Y20-34,M,PC,NO,2021,88.6,b
ESTAT:EDAT_LFSE_24(1.0),14/09/23 23:00:00,A,Y1-3,ED3-8,Y20-34,M,PC,NO,2022,90.2,
ESTAT:EDAT_LFSE_24(1.0),14/09/23 23:00:00,A,Y1-3,ED3-8,Y20-34,M,PC,PL,2013,77.9,b
ESTAT:EDAT_LFSE_24(1.0),14/09/23 23:00:00,A,Y1-3,ED3-8,Y20-34,M,PC,PL,2014,79.2,b
ESTAT:EDAT_LFSE_24(1.0),14/09/23 23:00:00,A,Y1-3,ED3-8,Y20-34,M,PC,PL,2015,80.4,
ESTAT:EDAT_LFSE_24(1.0),14/09/23 23:00:00,A,Y1-3,ED3-8,Y20-34,M,PC,PL,2016,83.4,
ESTAT:EDAT_LFSE_24(1.0),14/09/23 23:00:00,A,Y1-3,ED3-8,Y20-34,M,PC,PL,2017,86.6,
ESTAT:EDAT_LFSE_24(1.0),14/09/23 23:00:00,A,Y1-3,ED3-8,Y20-34,M,PC,PL,2018,87.0,b
ESTAT:EDAT_LFSE_24(1.0),14/09/23 23:00:00,A,Y1-3,ED3-8,Y20-34,M,PC,PL,2019,87.5,
ESTAT:EDAT_LFSE_24(1.0),14/09/23 23:00:00,A,Y1-3,ED3-8,Y20-34,M,PC,PL,2020,84.1,
ESTAT:EDAT_LFSE_24(1.0),14/09/23 23:00:00,A,Y1-3,ED3-8,Y20-34,M,PC,PL,2021,80.8,b
ESTAT:EDAT_LFSE_24(1.0),14/09/23 23:00:00,A,Y1-3,ED3-8,Y20-34,M,PC,PL,2022,87.8,
ESTAT:EDAT_LFSE_24(1.0),14/09/23 23:00:00,A,Y1-3,ED3-8,Y20-34,M,PC,PT,2013,69.2,
ESTAT:EDAT_LFSE_24(1.0),14/09/23 23:00:00,A,Y1-3,ED3-8,Y20-34,M,PC,PT,2014,69.0,b
ESTAT:EDAT_LFSE_24(1.0),14/09/23 23:00:00,A,Y1-3,ED3-8,Y20-34,M,PC,PT,2015,73.7,
ESTAT:EDAT_LFSE_24(1.0),14/09/23 23:00:00,A,Y1-3,ED3-8,Y20-34,M,PC,PT,2016,76.6,
ESTAT:EDAT_LFSE_24(1.0),14/09/23 23:00:00,A,Y1-3,ED3-8,Y20-34,M,PC,PT,2017,82.1,
ESTAT:EDAT_LFSE_24(1.0),14/09/23 23:00:00,A,Y1-3,ED3-8,Y20-34,M,PC,PT,2018,80.6,
ESTAT:EDAT_LFSE_24(1.0),14/09/23 23:00:00,A,Y1-3,ED3-8,Y20-34,M,PC,PT,2019,81.5,
ESTAT:EDAT_LFSE_24(1.0),14/09/23 23:00:00,A,Y1-3,ED3-8,Y20-34,M,PC,PT,2020,76.0,
ESTAT:EDAT_LFSE_24(1.0),14/09/23 23:00:00,A,Y1-3,ED3-8,Y20-34,M,PC,PT,2021,75.6,b
ESTAT:EDAT_LFSE_24(1.0),14/09/23 23:00:00,A,Y1-3,ED3-8,Y20-34,M,PC,PT,2022,83.5,
ESTAT:EDAT_LFSE_24(1.0),14/09/23 23:00:00,A,Y1-3,ED3-8,Y20-34,M,PC,RO,2013,69.5,
ESTAT:EDAT_LFSE_24(1.0),14/09/23 23:00:00,A,Y1-3,ED3-8,Y20-34,M,PC,RO,2014,70.6,b
ESTAT:EDAT_LFSE_24(1.0),14/09/23 23:00:00,A,Y1-3,ED3-8,Y20-34,M,PC,RO,2015,74.1,
ESTAT:EDAT_LFSE_24(1.0),14/09/23 23:00:00,A,Y1-3,ED3-8,Y20-34,M,PC,RO,2016,75.1,
ESTAT:EDAT_LFSE_24(1.0),14/09/23 23:00:00,A,Y1-3,ED3-8,Y20-34,M,PC,RO,2017,77.6,
ESTAT:EDAT_LFSE_24(1.0),14/09/23 23:00:00,A,Y1-3,ED3-8,Y20-34,M,PC,RO,2018,82.8,
ESTAT:EDAT_LFSE_24(1.0),14/09/23 23:00:00,A,Y1-3,ED3-8,Y20-34,M,PC,RO,2019,80.6,
ESTAT:EDAT_LFSE_24(1.0),14/09/23 23:00:00,A,Y1-3,ED3-8,Y20-34,M,PC,RO,2020,79.3,
ESTAT:EDAT_LFSE_24(1.0),14/09/23 23:00:00,A,Y1-3,ED3-8,Y20-34,M,PC,RO,2021,74.7,b
ESTAT:EDAT_LFSE_24(1.0),14/09/23 23:00:00,A,Y1-3,ED3-8,Y20-34,M,PC,RO,2022,76.3,
ESTAT:EDAT_LFSE_24(1.0),14/09/23 23:00:00,A,Y1-3,ED3-8,Y20-34,M,PC,RS,2013,48.8,
ESTAT:EDAT_LFSE_24(1.0),14/09/23 23:00:00,A,Y1-3,ED3-8,Y20-34,M,PC,RS,2014,53.9,b
ESTAT:EDAT_LFSE_24(1.0),14/09/23 23:00:00,A,Y1-3,ED3-8,Y20-34,M,PC,RS,2015,53.8,
ESTAT:EDAT_LFSE_24(1.0),14/09/23 23:00:00,A,Y1-3,ED3-8,Y20-34,M,PC,RS,2016,58.2,
ESTAT:EDAT_LFSE_24(1.0),14/09/23 23:00:00,A,Y1-3,ED3-8,Y20-34,M,PC,RS,2017,66.0,
ESTAT:EDAT_LFSE_24(1.0),14/09/23 23:00:00,A,Y1-3,ED3-8,Y20-34,M,PC,RS,2018,69.8,
ESTAT:EDAT_LFSE_24(1.0),14/09/23 23:00:00,A,Y1-3,ED3-8,Y20-34,M,PC,RS,2019,68.3,
ESTAT:EDAT_LFSE_24(1.0),14/09/23 23:00:00,A,Y1-3,ED3-8,Y20-34,M,PC,RS,2020,64.3,
ESTAT:EDAT_LFSE_24(1.0),14/09/23 23:00:00,A,Y1-3,ED3-8,Y20-34,M,PC,RS,2021,68.2,b
ESTAT:EDAT_LFSE_24(1.0),14/09/23 23:00:00,A,Y1-3,ED3-8,Y20-34,M,PC,RS,2022,71.7,
ESTAT:EDAT_LFSE_24(1.0),14/09/23 23:00:00,A,Y1-3,ED3-8,Y20-34,M,PC,SE,2013,85.2,
ESTAT:EDAT_LFSE_24(1.0),14/09/23 23:00:00,A,Y1-3,ED3-8,Y20-34,M,PC,SE,2014,84.9,b
ESTAT:EDAT_LFSE_24(1.0),14/09/23 23:00:00,A,Y1-3,ED3-8,Y20-34,M,PC,SE,2015,85.7,
ESTAT:EDAT_LFSE_24(1.0),14/09/23 23:00:00,A,Y1-3,ED3-8,Y20-34,M,PC,SE,2016,86.5,
ESTAT:EDAT_LFSE_24(1.0),14/09/23 23:00:00,A,Y1-3,ED3-8,Y20-34,M,PC,SE,2017,88.9,
ESTAT:EDAT_LFSE_24(1.0),14/09/23 23:00:00,A,Y1-3,ED3-8,Y20-34,M,PC,SE,2018,89.2,b
ESTAT:EDAT_LFSE_24(1.0),14/09/23 23:00:00,A,Y1-3,ED3-8,Y20-34,M,PC,SE,2019,89.6,
ESTAT:EDAT_LFSE_24(1.0),14/09/23 23:00:00,A,Y1-3,ED3-8,Y20-34,M,PC,SE,2020,87.0,
ESTAT:EDAT_LFSE_24(1.0),14/09/23 23:00:00,A,Y1-3,ED3-8,Y20-34,M,PC,SE,2021,86.4,b
ESTAT:EDAT_LFSE_24(1.0),14/09/23 23:00:00,A,Y1-3,ED3-8,Y20-34,M,PC,SE,2022,89.8,
ESTAT:EDAT_LFSE_24(1.0),14/09/23 23:00:00,A,Y1-3,ED3-8,Y20-34,M,PC,SI,2013,79.3,
ESTAT:EDAT_LFSE_24(1.0),14/09/23 23:00:00,A,Y1-3,ED3-8,Y20-34,M,PC,SI,2014,76.8,b
ESTAT:EDAT_LFSE_24(1.0),14/09/23 23:00:00,A,Y1-3,ED3-8,Y20-34,M,PC,SI,2015,75.1,
ESTAT:EDAT_LFSE_24(1.0),14/09/23 23:00:00,A,Y1-3,ED3-8,Y20-34,M,PC,SI,2016,78.3,
ESTAT:EDAT_LFSE_24(1.0),14/09/23 23:00:00,A,Y1-3,ED3-8,Y20-34,M,PC,SI,2017,88.8,
ESTAT:EDAT_LFSE_24(1.0),14/09/23 23:00:00,A,Y1-3,ED3-8,Y20-34,M,PC,SI,2018,88.9,
ESTAT:EDAT_LFSE_24(1.0),14/09/23 23:00:00,A,Y1-3,ED3-8,Y20-34,M,PC,SI,2019,88.8,
ESTAT:EDAT_LFSE_24(1.0),14/09/23 23:00:00,A,Y1-3,ED3-8,Y20-34,M,PC,SI,2020,85.1,
ESTAT:EDAT_LFSE_24(1.0),14/09/23 23:00:00,A,Y1-3,ED3-8,Y20-34,M,PC,SI,2021,87.9,b
ESTAT:EDAT_LFSE_24(1.0),14/09/23 23:00:00,A,Y1-3,ED3-8,Y20-34,M,PC,SI,2022,87.9,
ESTAT:EDAT_LFSE_24(1.0),14/09/23 23:00:00,A,Y1-3,ED3-8,Y20-34,M,PC,SK,2013,73.1,
ESTAT:EDAT_LFSE_24(1.0),14/09/23 23:00:00,A,Y1-3,ED3-8,Y20-34,M,PC,SK,2014,78.0,b
ESTAT:EDAT_LFSE_24(1.0),14/09/23 23:00:00,A,Y1-3,ED3-8,Y20-34,M,PC,SK,2015,79.5,
ESTAT:EDAT_LFSE_24(1.0),14/09/23 23:00:00,A,Y1-3,ED3-8,Y20-34,M,PC,SK,2016,86.2,
ESTAT:EDAT_LFSE_24(1.0),14/09/23 23:00:00,A,Y1-3,ED3-8,Y20-34,M,PC,SK,2017,87.6,
ESTAT:EDAT_LFSE_24(1.0),14/09/23 23:00:00,A,Y1-3,ED3-8,Y20-34,M,PC,SK,2018,91.4,
ESTAT:EDAT_LFSE_24(1.0),14/09/23 23:00:00,A,Y1-3,ED3-8,Y20-34,M,PC,SK,2019,91.2,
ESTAT:EDAT_LFSE_24(1.0),14/09/23 23:00:00,A,Y1-3,ED3-8,Y20-34,M,PC,SK,2020,87.3,
ESTAT:EDAT_LFSE_24(1.0),14/09/23 23:00:00,A,Y1-3,ED3-8,Y20-34,M,PC,SK,2021,82.8,b
ESTAT:EDAT_LFSE_24(1.0),14/09/23 23:00:00,A,Y1-3,ED3-8,Y20-34,M,PC,SK,2022,84.2,
ESTAT:EDAT_LFSE_24(1.0),14/09/23 23:00:00,A,Y1-3,ED3-8,Y20-34,M,PC,TR,2013,72.2,
ESTAT:EDAT_LFSE_24(1.0),14/09/23 23:00:00,A,Y1-3,ED3-8,Y20-34,M,PC,TR,2014,71.1,b
ESTAT:EDAT_LFSE_24(1.0),14/09/23 23:00:00,A,Y1-3,ED3-8,Y20-34,M,PC,TR,2015,73.6,
ESTAT:EDAT_LFSE_24(1.0),14/09/23 23:00:00,A,Y1-3,ED3-8,Y20-34,M,PC,TR,2016,72.0,
ESTAT:EDAT_LFSE_24(1.0),14/09/23 23:00:00,A,Y1-3,ED3-8,Y20-34,M,PC,TR,2017,72.8,
ESTAT:EDAT_LFSE_24(1.0),14/09/23 23:00:00,A,Y1-3,ED3-8,Y20-34,M,PC,TR,2018,71.4,
ESTAT:EDAT_LFSE_24(1.0),14/09/23 23:00:00,A,Y1-3,ED3-8,Y20-34,M,PC,TR,2019,67.0,
ESTAT:EDAT_LFSE_24(1.0),14/09/23 23:00:00,A,Y1-3,ED3-8,Y20-34,M,PC,TR,2020,62.1,
ESTAT:EDAT_LFSE_24(1.0),14/09/23 23:00:00,A,Y1-3,ED3-8,Y20-34,M,PC,UK,2013,84.5,
ESTAT:EDAT_LFSE_24(1.0),14/09/23 23:00:00,A,Y1-3,ED3-8,Y20-34,M,PC,UK,2014,85.3,b
ESTAT:EDAT_LFSE_24(1.0),14/09/23 23:00:00,A,Y1-3,ED3-8,Y20-34,M,PC,UK,2015,86.8,
ESTAT:EDAT_LFSE_24(1.0),14/09/23 23:00:00,A,Y1-3,ED3-8,Y20-34,M,PC,UK,2016,87.5,
ESTAT:EDAT_LFSE_24(1.0),14/09/23 23:00:00,A,Y1-3,ED3-8,Y20-34,M,PC,UK,2017,88.2,
ESTAT:EDAT_LFSE_24(1.0),14/09/23 23:00:00,A,Y1-3,ED3-8,Y20-34,M,PC,UK,2018,86.2,
ESTAT:EDAT_LFSE_24(1.0),14/09/23 23:00:00,A,Y1-3,ED3-8,Y20-34,M,PC,UK,2019,85.3,
ESTAT:EDAT_LFSE_24(1.0),14/09/23 23:00:00,A,Y1-3,ED3-8,Y20-34,T,PC,AT,2013,89.7,
ESTAT:EDAT_LFSE_24(1.0),14/09/23 23:00:00,A,Y1-3,ED3-8,Y20-34,T,PC,AT,2014,87.2,b
ESTAT:EDAT_LFSE_24(1.0),14/09/23 23:00:00,A,Y1-3,ED3-8,Y20-34,T,PC,AT,2015,86.9,
ESTAT:EDAT_LFSE_24(1.0),14/09/23 23:00:00,A,Y1-3,ED3-8,Y20-34,T,PC,AT,2016,87.6,
ESTAT:EDAT_LFSE_24(1.0),14/09/23 23:00:00,A,Y1-3,ED3-8,Y20-34,T,PC,AT,2017,89.4,
ESTAT:EDAT_LFSE_24(1.0),14/09/23 23:00:00,A,Y1-3,ED3-8,Y20-34,T,PC,AT,2018,88.6,
ESTAT:EDAT_LFSE_24(1.0),14/09/23 23:00:00,A,Y1-3,ED3-8,Y20-34,T,PC,AT,2019,89.0,
ESTAT:EDAT_LFSE_24(1.0),14/09/23 23:00:00,A,Y1-3,ED3-8,Y20-34,T,PC,AT,2020,88.4,
ESTAT:EDAT_LFSE_24(1.0),14/09/23 23:00:00,A,Y1-3,ED3-8,Y20-34,T,PC,AT,2021,87.7,b
ESTAT:EDAT_LFSE_24(1.0),14/09/23 23:00:00,A,Y1-3,ED3-8,Y20-34,T,PC,AT,2022,88.4,
ESTAT:EDAT_LFSE_24(1.0),14/09/23 23:00:00,A,Y1-3,ED3-8,Y20-34,T,PC,BE,2013,79.1,
ESTAT:EDAT_LFSE_24(1.0),14/09/23 23:00:00,A,Y1-3,ED3-8,Y20-34,T,PC,BE,2014,79.0,b
ESTAT:EDAT_LFSE_24(1.0),14/09/23 23:00:00,A,Y1-3,ED3-8,Y20-34,T,PC,BE,2015,79.5,
ESTAT:EDAT_LFSE_24(1.0),14/09/23 23:00:00,A,Y1-3,ED3-8,Y20-34,T,PC,BE,2016,81.2,
ESTAT:EDAT_LFSE_24(1.0),14/09/23 23:00:00,A,Y1-3,ED3-8,Y20-34,T,PC,BE,2017,81.9,b
ESTAT:EDAT_LFSE_24(1.0),14/09/23 23:00:00,A,Y1-3,ED3-8,Y20-34,T,PC,BE,2018,83.4,
ESTAT:EDAT_LFSE_24(1.0),14/09/23 23:00:00,A,Y1-3,ED3-8,Y20-34,T,PC,BE,2019,83.5,
ESTAT:EDAT_LFSE_24(1.0),14/09/23 23:00:00,A,Y1-3,ED3-8,Y20-34,T,PC,BE,2020,82.9,
ESTAT:EDAT_LFSE_24(1.0),14/09/23 23:00:00,A,Y1-3,ED3-8,Y20-34,T,PC,BE,2021,83.2,b
ESTAT:EDAT_LFSE_24(1.0),14/09/23 23:00:00,A,Y1-3,ED3-8,Y20-34,T,PC,BE,2022,82.9,
ESTAT:EDAT_LFSE_24(1.0),14/09/23 23:00:00,A,Y1-3,ED3-8,Y20-34,T,PC,BG,2013,67.7,
ESTAT:EDAT_LFSE_24(1.0),14/09/23 23:00:00,A,Y1-3,ED3-8,Y20-34,T,PC,BG,2014,65.4,b
ESTAT:EDAT_LFSE_24(1.0),14/09/23 23:00:00,A,Y1-3,ED3-8,Y20-34,T,PC,BG,2015,74.6,
ESTAT:EDAT_LFSE_24(1.0),14/09/23 23:00:00,A,Y1-3,ED3-8,Y20-34,T,PC,BG,2016,72.0,
ESTAT:EDAT_LFSE_24(1.0),14/09/23 23:00:00,A,Y1-3,ED3-8,Y20-34,T,PC,BG,2017,77.7,
ESTAT:EDAT_LFSE_24(1.0),14/09/23 23:00:00,A,Y1-3,ED3-8,Y20-34,T,PC,BG,2018,78.6,
ESTAT:EDAT_LFSE_24(1.0),14/09/23 23:00:00,A,Y1-3,ED3-8,Y20-34,T,PC,BG,2019,80.7,
ESTAT:EDAT_LFSE_24(1.0),14/09/23 23:00:00,A,Y1-3,ED3-8,Y20-34,T,PC,BG,2020,78.7,
ESTAT:EDAT_LFSE_24(1.0),14/09/23 23:00:00,A,Y1-3,ED3-8,Y20-34,T,PC,BG,2021,73.8,b
ESTAT:EDAT_LFSE_24(1.0),14/09/23 23:00:00,A,Y1-3,ED3-8,Y20-34,T,PC,BG,2022,78.8,
ESTAT:EDAT_LFSE_24(1.0),14/09/23 23:00:00,A,Y1-3,ED3-8,Y20-34,T,PC,CH,2013,84.3,
ESTAT:EDAT_LFSE_24(1.0),14/09/23 23:00:00,A,Y1-3,ED3-8,Y20-34,T,PC,CH,2014,87.4,b
ESTAT:EDAT_LFSE_24(1.0),14/09/23 23:00:00,A,Y1-3,ED3-8,Y20-34,T,PC,CH,2015,84.6,
ESTAT:EDAT_LFSE_24(1.0),14/09/23 23:00:00,A,Y1-3,ED3-8,Y20-34,T,PC,CH,2016,86.8,
ESTAT:EDAT_LFSE_24(1.0),14/09/23 23:00:00,A,Y1-3,ED3-8,Y20-34,T,PC,CH,2017,86.2,
ESTAT:EDAT_LFSE_24(1.0),14/09/23 23:00:00,A,Y1-3,ED3-8,Y20-34,T,PC,CH,2018,88.3,
ESTAT:EDAT_LFSE_24(1.0),14/09/23 23:00:00,A,Y1-3,ED3-8,Y20-34,T,PC,CH,2019,87.9,
ESTAT:EDAT_LFSE_24(1.0),14/09/23 23:00:00,A,Y1-3,ED3-8,Y20-34,T,PC,CH,2020,88.9,
ESTAT:EDAT_LFSE_24(1.0),14/09/23 23:00:00,A,Y1-3,ED3-8,Y20-34,T,PC,CH,2021,87.4,b
ESTAT:EDAT_LFSE_24(1.0),14/09/23 23:00:00,A,Y1-3,ED3-8,Y20-34,T,PC,CH,2022,83.7,
ESTAT:EDAT_LFSE_24(1.0),14/09/23 23:00:00,A,Y1-3,ED3-8,Y20-34,T,PC,CY,2013,62.1,
ESTAT:EDAT_LFSE_24(1.0),14/09/23 23:00:00,A,Y1-3,ED3-8,Y20-34,T,PC,CY,2014,68.7,b
ESTAT:EDAT_LFSE_24(1.0),14/09/23 23:00:00,A,Y1-3,ED3-8,Y20-34,T,PC,CY,2015,68.9,
ESTAT:EDAT_LFSE_24(1.0),14/09/23 23:00:00,A,Y1-3,ED3-8,Y20-34,T,PC,CY,2016,73.4,
ESTAT:EDAT_LFSE_24(1.0),14/09/23 23:00:00,A,Y1-3,ED3-8,Y20-34,T,PC,CY,2017,71.6,
ESTAT:EDAT_LFSE_24(1.0),14/09/23 23:00:00,A,Y1-3,ED3-8,Y20-34,T,PC,CY,2018,78.9,
ESTAT:EDAT_LFSE_24(1.0),14/09/23 23:00:00,A,Y1-3,ED3-8,Y20-34,T,PC,CY,2019,81.7,
ESTAT:EDAT_LFSE_24(1.0),14/09/23 23:00:00,A,Y1-3,ED3-8,Y20-34,T,PC,CY,2020,78.6,
ESTAT:EDAT_LFSE_24(1.0),14/09/23 23:00:00,A,Y1-3,ED3-8,Y20-34,T,PC,CY,2021,80.4,b
ESTAT:EDAT_LFSE_24(1.0),14/09/23 23:00:00,A,Y1-3,ED3-8,Y20-34,T,PC,CY,2022,81.4,
ESTAT:EDAT_LFSE_24(1.0),14/09/23 23:00:00,A,Y1-3,ED3-8,Y20-34,T,PC,CZ,2013,80.4,b
ESTAT:EDAT_LFSE_24(1.0),14/09/23 23:00:00,A,Y1-3,ED3-8,Y20-34,T,PC,CZ,2014,81.3,b
ESTAT:EDAT_LFSE_24(1.0),14/09/23 23:00:00,A,Y1-3,ED3-8,Y20-34,T,PC,CZ,2015,82.2,
ESTAT:EDAT_LFSE_24(1.0),14/09/23 23:00:00,A,Y1-3,ED3-8,Y20-34,T,PC,CZ,2016,86.7,
ESTAT:EDAT_LFSE_24(1.0),14/09/23 23:00:00,A,Y1-3,ED3-8,Y20-34,T,PC,CZ,2017,89.9,
ESTAT:EDAT_LFSE_24(1.0),14/09/23 23:00:00,A,Y1-3,ED3-8,Y20-34,T,PC,CZ,2018,89.6,
ESTAT:EDAT_LFSE_24(1.0),14/09/23 23:00:00,A,Y1-3,ED3-8,Y20-34,T,PC,CZ,2019,87.3,
ESTAT:EDAT_LFSE_24(1.0),14/09/23 23:00:00,A,Y1-3,ED3-8,Y20-34,T,PC,CZ,2020,87.3,
ESTAT:EDAT_LFSE_24(1.0),14/09/23 23:00:00,A,Y1-3,ED3-8,Y20-34,T,PC,CZ,2021,84.2,b
ESTAT:EDAT_LFSE_24(1.0),14/09/23 23:00:00,A,Y1-3,ED3-8,Y20-34,T,PC,CZ,2022,82.2,b
ESTAT:EDAT_LFSE_24(1.0),14/09/23 23:00:00,A,Y1-3,ED3-8,Y20-34,T,PC,DE,2013,89.7,
ESTAT:EDAT_LFSE_24(1.0),14/09/23 23:00:00,A,Y1-3,ED3-8,Y20-34,T,PC,DE,2014,90.0,b
ESTAT:EDAT_LFSE_24(1.0),14/09/23 23:00:00,A,Y1-3,ED3-8,Y20-34,T,PC,DE,2015,90.4,
ESTAT:EDAT_LFSE_24(1.0),14/09/23 23:00:00,A,Y1-3,ED3-8,Y20-34,T,PC,DE,2016,90.1,
ESTAT:EDAT_LFSE_24(1.0),14/09/23 23:00:00,A,Y1-3,ED3-8,Y20-34,T,PC,DE,2017,90.9,
ESTAT:EDAT_LFSE_24(1.0),14/09/23 23:00:00,A,Y1-3,ED3-8,Y20-34,T,PC,DE,2018,92.1,
ESTAT:EDAT_LFSE_24(1.0),14/09/23 23:00:00,A,Y1-3,ED3-8,Y20-34,T,PC,DE,2019,92.7,
ESTAT:EDAT_LFSE_24(1.0),14/09/23 23:00:00,A,Y1-3,ED3-8,Y20-34,T,PC,DE,2020,89.6,b
ESTAT:EDAT_LFSE_24(1.0),14/09/23 23:00:00,A,Y1-3,ED3-8,Y20-34,T,PC,DE,2021,91.2,b
ESTAT:EDAT_LFSE_24(1.0),14/09/23 23:00:00,A,Y1-3,ED3-8,Y20-34,T,PC,DE,2022,92.2,
ESTAT:EDAT_LFSE_24(1.0),14/09/23 23:00:00,A,Y1-3,ED3-8,Y20-34,T,PC,DK,2013,80.6,
ESTAT:EDAT_LFSE_24(1.0),14/09/23 23:00:00,A,Y1-3,ED3-8,Y20-34,T,PC,DK,2014,82.5,b
ESTAT:EDAT_LFSE_24(1.0),14/09/23 23:00:00,A,Y1-3,ED3-8,Y20-34,T,PC,DK,2015,80.8,
ESTAT:EDAT_LFSE_24(1.0),14/09/23 23:00:00,A,Y1-3,ED3-8,Y20-34,T,PC,DK,2016,82.6,b
ESTAT:EDAT_LFSE_24(1.0),14/09/23 23:00:00,A,Y1-3,ED3-8,Y20-34,T,PC,DK,2017,81.7,b
ESTAT:EDAT_LFSE_24(1.0),14/09/23 23:00:00,A,Y1-3,ED3-8,Y20-34,T,PC,DK,2018,84.7,
ESTAT:EDAT_LFSE_24(1.0),14/09/23 23:00:00,A,Y1-3,ED3-8,Y20-34,T,PC,DK,2019,85.1,
ESTAT:EDAT_LFSE_24(1.0),14/09/23 23:00:00,A,Y1-3,ED3-8,Y20-34,T,PC,DK,2020,83.6,
ESTAT:EDAT_LFSE_24(1.0),14/09/23 23:00:00,A,Y1-3,ED3-8,Y20-34,T,PC,DK,2021,84.3,b
ESTAT:EDAT_LFSE_24(1.0),14/09/23 23:00:00,A,Y1-3,ED3-8,Y20-34,T,PC,DK,2022,85.1,
ESTAT:EDAT_LFSE_24(1.0),14/09/23 23:00:00,A,Y1-3,ED3-8,Y20-34,T,PC,EE,2013,76.8,
ESTAT:EDAT_LFSE_24(1.0),14/09/23 23:00:00,A,Y1-3,ED3-8,Y20-34,T,PC,EE,2014,80.9,b
ESTAT:EDAT_LFSE_24(1.0),14/09/23 23:00:00,A,Y1-3,ED3-8,Y20-34,T,PC,EE,2015,79.8,
ESTAT:EDAT_LFSE_24(1.0),14/09/23 23:00:00,A,Y1-3,ED3-8,Y20-34,T,PC,EE,2016,76.5,
ESTAT:EDAT_LFSE_24(1.0),14/09/23 23:00:00,A,Y1-3,ED3-8,Y20-34,T,PC,EE,2017,80.4,
ESTAT:EDAT_LFSE_24(1.0),14/09/23 23:00:00,A,Y1-3,ED3-8,Y20-34,T,PC,EE,2018,82.0,
ESTAT:EDAT_LFSE_24(1.0),14/09/23 23:00:00,A,Y1-3,ED3-8,Y20-34,T,PC,EE,2019,82.3,
ESTAT:EDAT_LFSE_24(1.0),14/09/23 23:00:00,A,Y1-3,ED3-8,Y20-34,T,PC,EE,2020,79.7,
ESTAT:EDAT_LFSE_24(1.0),14/09/23 23:00:00,A,Y1-3,ED3-8,Y20-34,T,PC,EE,2021,80.8,b
ESTAT:EDAT_LFSE_24(1.0),14/09/23 23:00:00,A,Y1-3,ED3-8,Y20-34,T,PC,EE,2022,77.4,
ESTAT:EDAT_LFSE_24(1.0),14/09/23 23:00:00,A,Y1-3,ED3-8,Y20-34,T,PC,EL,2013,40.0,
ESTAT:EDAT_LFSE_24(1.0),14/09/23 23:00:00,A,Y1-3,ED3-8,Y20-34,T,PC,EL,2014,44.3,b
ESTAT:EDAT_LFSE_24(1.0),14/09/23 23:00:00,A,Y1-3,ED3-8,Y20-34,T,PC,EL,2015,45.2,
ESTAT:EDAT_LFSE_24(1.0),14/09/23 23:00:00,A,Y1-3,ED3-8,Y20-34,T,PC,EL,2016,49.2,
ESTAT:EDAT_LFSE_24(1.0),14/09/23 23:00:00,A,Y1-3,ED3-8,Y20-34,T,PC,EL,2017,52.0,
ESTAT:EDAT_LFSE_24(1.0),14/09/23 23:00:00,A,Y1-3,ED3-8,Y20-34,T,PC,EL,2018,55.3,
ESTAT:EDAT_LFSE_24(1.0),14/09/23 23:00:00,A,Y1-3,ED3-8,Y20-34,T,PC,EL,2019,59.4,
ESTAT:EDAT_LFSE_24(1.0),14/09/23 23:00:00,A,Y1-3,ED3-8,Y20-34,T,PC,EL,2020,54.9,
ESTAT:EDAT_LFSE_24(1.0),14/09/23 23:00:00,A,Y1-3,ED3-8,Y20-34,T,PC,EL,2021,60.1,b
ESTAT:EDAT_LFSE_24(1.0),14/09/23 23:00:00,A,Y1-3,ED3-8,Y20-34,T,PC,EL,2022,66.1,
ESTAT:EDAT_LFSE_24(1.0),14/09/23 23:00:00,A,Y1-3,ED3-8,Y20-34,T,PC,ES,2013,59.9,
ESTAT:EDAT_LFSE_24(1.0),14/09/23 23:00:00,A,Y1-3,ED3-8,Y20-34,T,PC,ES,2014,65.1,b
ESTAT:EDAT_LFSE_24(1.0),14/09/23 23:00:00,A,Y1-3,ED3-8,Y20-34,T,PC,ES,2015,65.2,
ESTAT:EDAT_LFSE_24(1.0),14/09/23 23:00:00,A,Y1-3,ED3-8,Y20-34,T,PC,ES,2016,68.0,
ESTAT:EDAT_LFSE_24(1.0),14/09/23 23:00:00,A,Y1-3,ED3-8,Y20-34,T,PC,ES,2017,71.9,
ESTAT:EDAT_LFSE_24(1.0),14/09/23 23:00:00,A,Y1-3,ED3-8,Y20-34,T,PC,ES,2018,75.4,
ESTAT:EDAT_LFSE_24(1.0),14/09/23 23:00:00,A,Y1-3,ED3-8,Y20-34,T,PC,ES,2019,73.0,
ESTAT:EDAT_LFSE_24(1.0),14/09/23 23:00:00,A,Y1-3,ED3-8,Y20-34,T,PC,ES,2020,69.6,
ESTAT:EDAT_LFSE_24(1.0),14/09/23 23:00:00,A,Y1-3,ED3-8,Y20-34,T,PC,ES,2021,72.8,bd
ESTAT:EDAT_LFSE_24(1.0),14/09/23 23:00:00,A,Y1-3,ED3-8,Y20-34,T,PC,ES,2022,79.1,d
ESTAT:EDAT_LFSE_24(1.0),14/09/23 23:00:00,A,Y1-3,ED3-8,Y20-34,T,PC,EU27_2020,2013,74.3,
ESTAT:EDAT_LFSE_24(1.0),14/09/23 23:00:00,A,Y1-3,ED3-8,Y20-34,T,PC,EU27_2020,2014,75.0,b
ESTAT:EDAT_LFSE_24(1.0),14/09/23 23:00:00,A,Y1-3,ED3-8,Y20-34,T,PC,EU27_2020,2015,75.5,
ESTAT:EDAT_LFSE_24(1.0),14/09/23 23:00:00,A,Y1-3,ED3-8,Y20-34,T,PC,EU27_2020,2016,77.4,
ESTAT:EDAT_LFSE_24(1.0),14/09/23 23:00:00,A,Y1-3,ED3-8,Y20-34,T,PC,EU27_2020,2017,79.0,
ESTAT:EDAT_LFSE_24(1.0),14/09/23 23:00:00,A,Y1-3,ED3-8,Y20-34,T,PC,EU27_2020,2018,80.9,
ESTAT:EDAT_LFSE_24(1.0),14/09/23 23:00:00,A,Y1-3,ED3-8,Y20-34,T,PC,EU27_2020,2019,80.9,
ESTAT:EDAT_LFSE_24(1.0),14/09/23 23:00:00,A,Y1-3,ED3-8,Y20-34,T,PC,EU27_2020,2020,78.5,
ESTAT:EDAT_LFSE_24(1.0),14/09/23 23:00:00,A,Y1-3,ED3-8,Y20-34,T,PC,EU27_2020,2021,79.6,b
ESTAT:EDAT_LFSE_24(1.0),14/09/23 23:00:00,A,Y1-3,ED3-8,Y20-34,T,PC,EU27_2020,2022,82.4,
ESTAT:EDAT_LFSE_24(1.0),14/09/23 23:00:00,A,Y1-3,ED3-8,Y20-34,T,PC,FI,2013,79.8,
ESTAT:EDAT_LFSE_24(1.0),14/09/23 23:00:00,A,Y1-3,ED3-8,Y20-34,T,PC,FI,2014,77.0,b
ESTAT:EDAT_LFSE_24(1.0),14/09/23 23:00:00,A,Y1-3,ED3-8,Y20-34,T,PC,FI,2015,75.5,
ESTAT:EDAT_LFSE_24(1.0),14/09/23 23:00:00,A,Y1-3,ED3-8,Y20-34,T,PC,FI,2016,77.4,
ESTAT:EDAT_LFSE_24(1.0),14/09/23 23:00:00,A,Y1-3,ED3-8,Y20-34,T,PC,FI,2017,77.0,
ESTAT:EDAT_LFSE_24(1.0),14/09/23 23:00:00,A,Y1-3,ED3-8,Y20-34,T,PC,FI,2018,81.7,
ESTAT:EDAT_LFSE_24(1.0),14/09/23 23:00:00,A,Y1-3,ED3-8,Y20-34,T,PC,FI,2019,84.4,
ESTAT:EDAT_LFSE_24(1.0),14/09/23 23:00:00,A,Y1-3,ED3-8,Y20-34,T,PC,FI,2020,81.5,
ESTAT:EDAT_LFSE_24(1.0),14/09/23 23:00:00,A,Y1-3,ED3-8,Y20-34,T,PC,FI,2021,81.5,b
ESTAT:EDAT_LFSE_24(1.0),14/09/23 23:00:00,A,Y1-3,ED3-8,Y20-34,T,PC,FI,2022,83.9,
ESTAT:EDAT_LFSE_24(1.0),14/09/23 23:00:00,A,Y1-3,ED3-8,Y20-34,T,PC,FR,2013,76.4,b
ESTAT:EDAT_LFSE_24(1.0),14/09/23 23:00:00,A,Y1-3,ED3-8,Y20-34,T,PC,FR,2014,75.5,b
ESTAT:EDAT_LFSE_24(1.0),14/09/23 23:00:00,A,Y1-3,ED3-8,Y20-34,T,PC,FR,2015,71.8,
ESTAT:EDAT_LFSE_24(1.0),14/09/23 23:00:00,A,Y1-3,ED3-8,Y20-34,T,PC,FR,2016,72.6,
ESTAT:EDAT_LFSE_24(1.0),14/09/23 23:00:00,A,Y1-3,ED3-8,Y20-34,T,PC,FR,2017,73.6,
ESTAT:EDAT_LFSE_24(1.0),14/09/23 23:00:00,A,Y1-3,ED3-8,Y20-34,T,PC,FR,2018,77.9,
ESTAT:EDAT_LFSE_24(1.0),14/09/23 23:00:00,A,Y1-3,ED3-8,Y20-34,T,PC,FR,2019,75.7,
ESTAT:EDAT_LFSE_24(1.0),14/09/23 23:00:00,A,Y1-3,ED3-8,Y20-34,T,PC,FR,2020,74.9,
ESTAT:EDAT_LFSE_24(1.0),14/09/23 23:00:00,A,Y1-3,ED3-8,Y20-34,T,PC,FR,2021,78.1,bd
ESTAT:EDAT_LFSE_24(1.0),14/09/23 23:00:00,A,Y1-3,ED3-8,Y20-34,T,PC,FR,2022,78.6,d
ESTAT:EDAT_LFSE_24(1.0),14/09/23 23:00:00,A,Y1-3,ED3-8,Y20-34,T,PC,HR,2013,53.8,
ESTAT:EDAT_LFSE_24(1.0),14/09/23 23:00:00,A,Y1-3,ED3-8,Y20-34,T,PC,HR,2014,62.0,b
ESTAT:EDAT_LFSE_24(1.0),14/09/23 23:00:00,A,Y1-3,ED3-8,Y20-34,T,PC,HR,2015,62.9,
ESTAT:EDAT_LFSE_24(1.0),14/09/23 23:00:00,A,Y1-3,ED3-8,Y20-34,T,PC,HR,2016,72.5,
ESTAT:EDAT_LFSE_24(1.0),14/09/23 23:00:00,A,Y1-3,ED3-8,Y20-34,T,PC,HR,2017,65.9,
ESTAT:EDAT_LFSE_24(1.0),14/09/23 23:00:00,A,Y1-3,ED3-8,Y20-34,T,PC,HR,2018,71.2,
ESTAT:EDAT_LFSE_24(1.0),14/09/23 23:00:00,A,Y1-3,ED3-8,Y20-34,T,PC,HR,2019,75.8,
ESTAT:EDAT_LFSE_24(1.0),14/09/23 23:00:00,A,Y1-3,ED3-8,Y20-34,T,PC,HR,2020,75.2,
ESTAT:EDAT_LFSE_24(1.0),14/09/23 23:00:00,A,Y1-3,ED3-8,Y20-34,T,PC,HR,2021,74.6,b
ESTAT:EDAT_LFSE_24(1.0),14/09/23 23:00:00,A,Y1-3,ED3-8,Y20-34,T,PC,HR,2022,78.5,
ESTAT:EDAT_LFSE_24(1.0),14/09/23 23:00:00,A,Y1-3,ED3-8,Y20-34,T,PC,HU,2013,74.2,
ESTAT:EDAT_LFSE_24(1.0),14/09/23 23:00:00,A,Y1-3,ED3-8,Y20-34,T,PC,HU,2014,78.5,b
ESTAT:EDAT_LFSE_24(1.0),14/09/23 23:00:00,A,Y1-3,ED3-8,Y20-34,T,PC,HU,2015,80.4,b
ESTAT:EDAT_LFSE_24(1.0),14/09/23 23:00:00,A,Y1-3,ED3-8,Y20-34,T,PC,HU,2016,85.0,
ESTAT:EDAT_LFSE_24(1.0),14/09/23 23:00:00,A,Y1-3,ED3-8,Y20-34,T,PC,HU,2017,84.7,
ESTAT:EDAT_LFSE_24(1.0),14/09/23 23:00:00,A,Y1-3,ED3-8,Y20-34,T,PC,HU,2018,87.5,
ESTAT:EDAT_LFSE_24(1.0),14/09/23 23:00:00,A,Y1-3,ED3-8,Y20-34,T,PC,HU,2019,85.6,
ESTAT:EDAT_LFSE_24(1.0),14/09/23 23:00:00,A,Y1-3,ED3-8,Y20-34,T,PC,HU,2020,82.2,
ESTAT:EDAT_LFSE_24(1.0),14/09/23 23:00:00,A,Y1-3,ED3-8,Y20-34,T,PC,HU,2021,85.5,b
ESTAT:EDAT_LFSE_24(1.0),14/09/23 23:00:00,A,Y1-3,ED3-8,Y20-34,T,PC,HU,2022,88.9,
ESTAT:EDAT_LFSE_24(1.0),14/09/23 23:00:00,A,Y1-3,ED3-8,Y20-34,T,PC,IE,2013,74.5,
ESTAT:EDAT_LFSE_24(1.0),14/09/23 23:00:00,A,Y1-3,ED3-8,Y20-34,T,PC,IE,2014,76.0,b
ESTAT:EDAT_LFSE_24(1.0),14/09/23 23:00:00,A,Y1-3,ED3-8,Y20-34,T,PC,IE,2015,77.9,
ESTAT:EDAT_LFSE_24(1.0),14/09/23 23:00:00,A,Y1-3,ED3-8,Y20-34,T,PC,IE,2016,82.2,
ESTAT:EDAT_LFSE_24(1.0),14/09/23 23:00:00,A,Y1-3,ED3-8,Y20-34,T,PC,IE,2017,83.5,b
ESTAT:EDAT_LFSE_24(1.0),14/09/23 23:00:00,A,Y1-3,ED3-8,Y20-34,T,PC,IE,2018,84.3,
ESTAT:EDAT_LFSE_24(1.0),14/09/23 23:00:00,A,Y1-3,ED3-8,Y20-34,T,PC,IE,2019,84.5,
ESTAT:EDAT_LFSE_24(1.0),14/09/23 23:00:00,A,Y1-3,ED3-8,Y20-34,T,PC,IE,2020,79.5,
ESTAT:EDAT_LFSE_24(1.0),14/09/23 23:00:00,A,Y1-3,ED3-8,Y20-34,T,PC,IE,2021,86.2,b
ESTAT:EDAT_LFSE_24(1.0),14/09/23 23:00:00,A,Y1-3,ED3-8,Y20-34,T,PC,IE,2022,87.2,
ESTAT:EDAT_LFSE_24(1.0),14/09/23 23:00:00,A,Y1-3,ED3-8,Y20-34,T,PC,IS,2013,87.2,
ESTAT:EDAT_LFSE_24(1.0),14/09/23 23:00:00,A,Y1-3,ED3-8,Y20-34,T,PC,IS,2014,88.8,b
ESTAT:EDAT_LFSE_24(1.0),14/09/23 23:00:00,A,Y1-3,ED3-8,Y20-34,T,PC,IS,2015,92.0,
ESTAT:EDAT_LFSE_24(1.0),14/09/23 23:00:00,A,Y1-3,ED3-8,Y20-34,T,PC,IS,2016,94.7,
ESTAT:EDAT_LFSE_24(1.0),14/09/23 23:00:00,A,Y1-3,ED3-8,Y20-34,T,PC,IS,2017,94.8,
ESTAT:EDAT_LFSE_24(1.0),14/09/23 23:00:00,A,Y1-3,ED3-8,Y20-34,T,PC,IS,2018,94.4,
ESTAT:EDAT_LFSE_24(1.0),14/09/23 23:00:00,A,Y1-3,ED3-8,Y20-34,T,PC,IS,2019,91.5,
ESTAT:EDAT_LFSE_24(1.0),14/09/23 23:00:00,A,Y1-3,ED3-8,Y20-34,T,PC,IS,2020,88.0,b
ESTAT:EDAT_LFSE_24(1.0),14/09/23 23:00:00,A,Y1-3,ED3-8,Y20-34,T,PC,IS,2022,92.1,
ESTAT:EDAT_LFSE_24(1.0),14/09/23 23:00:00,A,Y1-3,ED3-8,Y20-34,T,PC,IT,2013,48.5,
ESTAT:EDAT_LFSE_24(1.0),14/09/23 23:00:00,A,Y1-3,ED3-8,Y20-34,T,PC,IT,2014,45.0,b
ESTAT:EDAT_LFSE_24(1.0),14/09/23 23:00:00,A,Y1-3,ED3-8,Y20-34,T,PC,IT,2015,48.5,
ESTAT:EDAT_LFSE_24(1.0),14/09/23 23:00:00,A,Y1-3,ED3-8,Y20-34,T,PC,IT,2016,52.9,
ESTAT:EDAT_LFSE_24(1.0),14/09/23 23:00:00,A,Y1-3,ED3-8,Y20-34,T,PC,IT,2017,55.2,
ESTAT:EDAT_LFSE_24(1.0),14/09/23 23:00:00,A,Y1-3,ED3-8,Y20-34,T,PC,IT,2018,56.5,
ESTAT:EDAT_LFSE_24(1.0),14/09/23 23:00:00,A,Y1-3,ED3-8,Y20-34,T,PC,IT,2019,58.7,
ESTAT:EDAT_LFSE_24(1.0),14/09/23 23:00:00,A,Y1-3,ED3-8,Y20-34,T,PC,IT,2020,56.8,
ESTAT:EDAT_LFSE_24(1.0),14/09/23 23:00:00,A,Y1-3,ED3-8,Y20-34,T,PC,IT,2021,57.9,b
ESTAT:EDAT_LFSE_24(1.0),14/09/23 23:00:00,A,Y1-3,ED3-8,Y20-34,T,PC,IT,2022,65.2,
ESTAT:EDAT_LFSE_24(1.0),14/09/23 23:00:00,A,Y1-3,ED3-8,Y20-34,T,PC,LT,2013,75.5,
ESTAT:EDAT_LFSE_24(1.0),14/09/23 23:00:00,A,Y1-3,ED3-8,Y20-34,T,PC,LT,2014,80.7,b
ESTAT:EDAT_LFSE_24(1.0),14/09/23 23:00:00,A,Y1-3,ED3-8,Y20-34,T,PC,LT,2015,82.1,
ESTAT:EDAT_LFSE_24(1.0),14/09/23 23:00:00,A,Y1-3,ED3-8,Y20-34,T,PC,LT,2016,82.4,
ESTAT:EDAT_LFSE_24(1.0),14/09/23 23:00:00,A,Y1-3,ED3-8,Y20-34,T,PC,LT,2017,83.9,
ESTAT:EDAT_LFSE_24(1.0),14/09/23 23:00:00,A,Y1-3,ED3-8,Y20-34,T,PC,LT,2018,84.7,
ESTAT:EDAT_LFSE_24(1.0),14/09/23 23:00:00,A,Y1-3,ED3-8,Y20-34,T,PC,LT,2019,80.1,
ESTAT:EDAT_LFSE_24(1.0),14/09/23 23:00:00,A,Y1-3,ED3-8,Y20-34,T,PC,LT,2020,74.5,
ESTAT:EDAT_LFSE_24(1.0),14/09/23 23:00:00,A,Y1-3,ED3-8,Y20-34,T,PC,LT,2021,79.9,b
ESTAT:EDAT_LFSE_24(1.0),14/09/23 23:00:00,A,Y1-3,ED3-8,Y20-34,T,PC,LT,2022,83.4,
ESTAT:EDAT_LFSE_24(1.0),14/09/23 23:00:00,A,Y1-3,ED3-8,Y20-34,T,PC,LU,2013,79.1,
ESTAT:EDAT_LFSE_24(1.0),14/09/23 23:00:00,A,Y1-3,ED3-8,Y20-34,T,PC,LU,2014,83.8,b
ESTAT:EDAT_LFSE_24(1.0),14/09/23 23:00:00,A,Y1-3,ED3-8,Y20-34,T,PC,LU,2015,84.7,b
ESTAT:EDAT_LFSE_24(1.0),14/09/23 23:00:00,A,Y1-3,ED3-8,Y20-34,T,PC,LU,2016,85.4,
ESTAT:EDAT_LFSE_24(1.0),14/09/23 23:00:00,A,Y1-3,ED3-8,Y20-34,T,PC,LU,2017,88.5,
ESTAT:EDAT_LFSE_24(1.0),14/09/23 23:00:00,A,Y1-3,ED3-8,Y20-34,T,PC,LU,2018,87.9,
ESTAT:EDAT_LFSE_24(1.0),14/09/23 23:00:00,A,Y1-3,ED3-8,Y20-34,T,PC,LU,2019,89.4,
ESTAT:EDAT_LFSE_24(1.0),14/09/23 23:00:00,A,Y1-3,ED3-8,Y20-34,T,PC,LU,2020,80.5,
ESTAT:EDAT_LFSE_24(1.0),14/09/23 23:00:00,A,Y1-3,ED3-8,Y20-34,T,PC,LU,2021,83.4,b
ESTAT:EDAT_LFSE_24(1.0),14/09/23 23:00:00,A,Y1-3,ED3-8,Y20-34,T,PC,LU,2022,93.4,
ESTAT:EDAT_LFSE_24(1.0),14/09/23 23:00:00,A,Y1-3,ED3-8,Y20-34,T,PC,LV,2013,78.2,
ESTAT:EDAT_LFSE_24(1.0),14/09/23 23:00:00,A,Y1-3,ED3-8,Y20-34,T,PC,LV,2014,77.0,b
ESTAT:EDAT_LFSE_24(1.0),14/09/23 23:00:00,A,Y1-3,ED3-8,Y20-34,T,PC,LV,2015,78.8,
ESTAT:EDAT_LFSE_24(1.0),14/09/23 23:00:00,A,Y1-3,ED3-8,Y20-34,T,PC,LV,2016,81.4,
ESTAT:EDAT_LFSE_24(1.0),14/09/23 23:00:00,A,Y1-3,ED3-8,Y20-34,T,PC,LV,2017,78.0,
ESTAT:EDAT_LFSE_24(1.0),14/09/23 23:00:00,A,Y1-3,ED3-8,Y20-34,T,PC,LV,2018,84.1,
ESTAT:EDAT_LFSE_24(1.0),14/09/23 23:00:00,A,Y1-3,ED3-8,Y20-34,T,PC,LV,2019,84.1,
ESTAT:EDAT_LFSE_24(1.0),14/09/23 23:00:00,A,Y1-3,ED3-8,Y20-34,T,PC,LV,2020,79.1,
ESTAT:EDAT_LFSE_24(1.0),14/09/23 23:00:00,A,Y1-3,ED3-8,Y20-34,T,PC,LV,2021,78.1,b
ESTAT:EDAT_LFSE_24(1.0),14/09/23 23:00:00,A,Y1-3,ED3-8,Y20-34,T,PC,LV,2022,85.3,
ESTAT:EDAT_LFSE_24(1.0),14/09/23 23:00:00,A,Y1-3,ED3-8,Y20-34,T,PC,ME,2013,62.3,
ESTAT:EDAT_LFSE_24(1.0),14/09/23 23:00:00,A,Y1-3,ED3-8,Y20-34,T,PC,ME,2014,54.8,b
ESTAT:EDAT_LFSE_24(1.0),14/09/23 23:00:00,A,Y1-3,ED3-8,Y20-34,T,PC,ME,2015,61.3,
ESTAT:EDAT_LFSE_24(1.0),14/09/23 23:00:00,A,Y1-3,ED3-8,Y20-34,T,PC,ME,2016,58.7,
ESTAT:EDAT_LFSE_24(1.0),14/09/23 23:00:00,A,Y1-3,ED3-8,Y20-34,T,PC,ME,2017,61.3,
ESTAT:EDAT_LFSE_24(1.0),14/09/23 23:00:00,A,Y1-3,ED3-8,Y20-34,T,PC,ME,2018,61.2,
ESTAT:EDAT_LFSE_24(1.0),14/09/23 23:00:00,A,Y1-3,ED3-8,Y20-34,T,PC,ME,2019,65.4,
ESTAT:EDAT_LFSE_24(1.0),14/09/23 23:00:00,A,Y1-3,ED3-8,Y20-34,T,PC,ME,2020,54.1,
ESTAT:EDAT_LFSE_24(1.0),14/09/23 23:00:00,A,Y1-3,ED3-8,Y20-34,T,PC,MK,2013,43.3,
ESTAT:EDAT_LFSE_24(1.0),14/09/23 23:00:00,A,Y1-3,ED3-8,Y20-34,T,PC,MK,2014,42.6,b
ESTAT:EDAT_LFSE_24(1.0),14/09/23 23:00:00,A,Y1-3,ED3-8,Y20-34,T,PC,MK,2015,48.0,
ESTAT:EDAT_LFSE_24(1.0),14/09/23 23:00:00,A,Y1-3,ED3-8,Y20-34,T,PC,MK,2016,46.9,
ESTAT:EDAT_LFSE_24(1.0),14/09/23 23:00:00,A,Y1-3,ED3-8,Y20-34,T,PC,MK,2017,50.0,
ESTAT:EDAT_LFSE_24(1.0),14/09/23 23:00:00,A,Y1-3,ED3-8,Y20-34,T,PC,MK,2018,49.2,
ESTAT:EDAT_LFSE_24(1.0),14/09/23 23:00:00,A,Y1-3,ED3-8,Y20-34,T,PC,MK,2019,57.2,
ESTAT:EDAT_LFSE_24(1.0),14/09/23 23:00:00,A,Y1-3,ED3-8,Y20-34,T,PC,MK,2020,54.5,
ESTAT:EDAT_LFSE_24(1.0),14/09/23 23:00:00,A,Y1-3,ED3-8,Y20-34,T,PC,MT,2013,92.5,
ESTAT:EDAT_LFSE_24(1.0),14/09/23 23:00:00,A,Y1-3,ED3-8,Y20-34,T,PC,MT,2014,93.6,b
ESTAT:EDAT_LFSE_24(1.0),14/09/23 23:00:00,A,Y1-3,ED3-8,Y20-34,T,PC,MT,2015,95.1,
ESTAT:EDAT_LFSE_24(1.0),14/09/23 23:00:00,A,Y1-3,ED3-8,Y20-34,T,PC,MT,2016,96.0,
ESTAT:EDAT_LFSE_24(1.0),14/09/23 23:00:00,A,Y1-3,ED3-8,Y20-34,T,PC,MT,2017,93.8,b
ESTAT:EDAT_LFSE_24(1.0),14/09/23 23:00:00,A,Y1-3,ED3-8,Y20-34,T,PC,MT,2018,94.8,
ESTAT:EDAT_LFSE_24(1.0),14/09/23 23:00:00,A,Y1-3,ED3-8,Y20-34,T,PC,MT,2019,93.5,
ESTAT:EDAT_LFSE_24(1.0),14/09/23 23:00:00,A,Y1-3,ED3-8,Y20-34,T,PC,MT,2020,92.0,
ESTAT:EDAT_LFSE_24(1.0),14/09/23 23:00:00,A,Y1-3,ED3-8,Y20-34,T,PC,MT,2021,89.0,b
ESTAT:EDAT_LFSE_24(1.0),14/09/23 23:00:00,A,Y1-3,ED3-8,Y20-34,T,PC,MT,2022,90.8,
ESTAT:EDAT_LFSE_24(1.0),14/09/23 23:00:00,A,Y1-3,ED3-8,Y20-34,T,PC,NL,2013,86.0,b
ESTAT:EDAT_LFSE_24(1.0),14/09/23 23:00:00,A,Y1-3,ED3-8,Y20-34,T,PC,NL,2014,86.2,b
ESTAT:EDAT_LFSE_24(1.0),14/09/23 23:00:00,A,Y1-3,ED3-8,Y20-34,T,PC,NL,2015,88.2,
ESTAT:EDAT_LFSE_24(1.0),14/09/23 23:00:00,A,Y1-3,ED3-8,Y20-34,T,PC,NL,2016,90.1,
ESTAT:EDAT_LFSE_24(1.0),14/09/23 23:00:00,A,Y1-3,ED3-8,Y20-34,T,PC,NL,2017,90.4,
ESTAT:EDAT_LFSE_24(1.0),14/09/23 23:00:00,A,Y1-3,ED3-8,Y20-34,T,PC,NL,2018,92.0,
ESTAT:EDAT_LFSE_24(1.0),14/09/23 23:00:00,A,Y1-3,ED3-8,Y20-34,T,PC,NL,2019,91.9,b
ESTAT:EDAT_LFSE_24(1.0),14/09/23 23:00:00,A,Y1-3,ED3-8,Y20-34,T,PC,NL,2020,89.3,
ESTAT:EDAT_LFSE_24(1.0),14/09/23 23:00:00,A,Y1-3,ED3-8,Y20-34,T,PC,NL,2021,93.4,b
ESTAT:EDAT_LFSE_24(1.0),14/09/23 23:00:00,A,Y1-3,ED3-8,Y20-34,T,PC,NL,2022,92.9,
ESTAT:EDAT_LFSE_24(1.0),14/09/23 23:00:00,A,Y1-3,ED3-8,Y20-34,T,PC,NO,2013,89.8,
ESTAT:EDAT_LFSE_24(1.0),14/09/23 23:00:00,A,Y1-3,ED3-8,Y20-34,T,PC,NO,2014,86.1,b
ESTAT:EDAT_LFSE_24(1.0),14/09/23 23:00:00,A,Y1-3,ED3-8,Y20-34,T,PC,NO,2015,90.9,
ESTAT:EDAT_LFSE_24(1.0),14/09/23 23:00:00,A,Y1-3,ED3-8,Y20-34,T,PC,NO,2016,90.1,
ESTAT:EDAT_LFSE_24(1.0),14/09/23 23:00:00,A,Y1-3,ED3-8,Y20-34,T,PC,NO,2017,89.2,
ESTAT:EDAT_LFSE_24(1.0),14/09/23 23:00:00,A,Y1-3,ED3-8,Y20-34,T,PC,NO,2018,90.9,
ESTAT:EDAT_LFSE_24(1.0),14/09/23 23:00:00,A,Y1-3,ED3-8,Y20-34,T,PC,NO,2019,90.5,
ESTAT:EDAT_LFSE_24(1.0),14/09/23 23:00:00,A,Y1-3,ED3-8,Y20-34,T,PC,NO,2020,89.7,
ESTAT:EDAT_LFSE_24(1.0),14/09/23 23:00:00,A,Y1-3,ED3-8,Y20-34,T,PC,NO,2021,91.0,b
ESTAT:EDAT_LFSE_24(1.0),14/09/23 23:00:00,A,Y1-3,ED3-8,Y20-34,T,PC,NO,2022,89.7,
ESTAT:EDAT_LFSE_24(1.0),14/09/23 23:00:00,A,Y1-3,ED3-8,Y20-34,T,PC,PL,2013,73.2,b
ESTAT:EDAT_LFSE_24(1.0),14/09/23 23:00:00,A,Y1-3,ED3-8,Y20-34,T,PC,PL,2014,75.6,b
ESTAT:EDAT_LFSE_24(1.0),14/09/23 23:00:00,A,Y1-3,ED3-8,Y20-34,T,PC,PL,2015,77.4,
ESTAT:EDAT_LFSE_24(1.0),14/09/23 23:00:00,A,Y1-3,ED3-8,Y20-34,T,PC,PL,2016,80.2,
ESTAT:EDAT_LFSE_24(1.0),14/09/23 23:00:00,A,Y1-3,ED3-8,Y20-34,T,PC,PL,2017,82.1,
ESTAT:EDAT_LFSE_24(1.0),14/09/23 23:00:00,A,Y1-3,ED3-8,Y20-34,T,PC,PL,2018,83.1,b
ESTAT:EDAT_LFSE_24(1.0),14/09/23 23:00:00,A,Y1-3,ED3-8,Y20-34,T,PC,PL,2019,84.0,
ESTAT:EDAT_LFSE_24(1.0),14/09/23 23:00:00,A,Y1-3,ED3-8,Y20-34,T,PC,PL,2020,82.7,
ESTAT:EDAT_LFSE_24(1.0),14/09/23 23:00:00,A,Y1-3,ED3-8,Y20-34,T,PC,PL,2021,78.0,b
ESTAT:EDAT_LFSE_24(1.0),14/09/23 23:00:00,A,Y1-3,ED3-8,Y20-34,T,PC,PL,2022,84.7,
ESTAT:EDAT_LFSE_24(1.0),14/09/23 23:00:00,A,Y1-3,ED3-8,Y20-34,T,PC,PT,2013,67.8,
ESTAT:EDAT_LFSE_24(1.0),14/09/23 23:00:00,A,Y1-3,ED3-8,Y20-34,T,PC,PT,2014,69.4,b
ESTAT:EDAT_LFSE_24(1.0),14/09/23 23:00:00,A,Y1-3,ED3-8,Y20-34,T,PC,PT,2015,72.2,
ESTAT:EDAT_LFSE_24(1.0),14/09/23 23:00:00,A,Y1-3,ED3-8,Y20-34,T,PC,PT,2016,73.8,
ESTAT:EDAT_LFSE_24(1.0),14/09/23 23:00:00,A,Y1-3,ED3-8,Y20-34,T,PC,PT,2017,80.7,
ESTAT:EDAT_LFSE_24(1.0),14/09/23 23:00:00,A,Y1-3,ED3-8,Y20-34,T,PC,PT,2018,80.6,
ESTAT:EDAT_LFSE_24(1.0),14/09/23 23:00:00,A,Y1-3,ED3-8,Y20-34,T,PC,PT,2019,80.3,
ESTAT:EDAT_LFSE_24(1.0),14/09/23 23:00:00,A,Y1-3,ED3-8,Y20-34,T,PC,PT,2020,75.7,
ESTAT:EDAT_LFSE_24(1.0),14/09/23 23:00:00,A,Y1-3,ED3-8,Y20-34,T,PC,PT,2021,76.1,b
ESTAT:EDAT_LFSE_24(1.0),14/09/23 23:00:00,A,Y1-3,ED3-8,Y20-34,T,PC,PT,2022,81.7,
ESTAT:EDAT_LFSE_24(1.0),14/09/23 23:00:00,A,Y1-3,ED3-8,Y20-34,T,PC,RO,2013,67.2,
ESTAT:EDAT_LFSE_24(1.0),14/09/23 23:00:00,A,Y1-3,ED3-8,Y20-34,T,PC,RO,2014,66.2,b
ESTAT:EDAT_LFSE_24(1.0),14/09/23 23:00:00,A,Y1-3,ED3-8,Y20-34,T,PC,RO,2015,68.1,
ESTAT:EDAT_LFSE_24(1.0),14/09/23 23:00:00,A,Y1-3,ED3-8,Y20-34,T,PC,RO,2016,69.3,
ESTAT:EDAT_LFSE_24(1.0),14/09/23 23:00:00,A,Y1-3,ED3-8,Y20-34,T,PC,RO,2017,76.0,
ESTAT:EDAT_LFSE_24(1.0),14/09/23 23:00:00,A,Y1-3,ED3-8,Y20-34,T,PC,RO,2018,77.4,
ESTAT:EDAT_LFSE_24(1.0),14/09/23 23:00:00,A,Y1-3,ED3-8,Y20-34,T,PC,RO,2019,76.1,
ESTAT:EDAT_LFSE_24(1.0),14/09/23 23:00:00,A,Y1-3,ED3-8,Y20-34,T,PC,RO,2020,76.7,
ESTAT:EDAT_LFSE_24(1.0),14/09/23 23:00:00,A,Y1-3,ED3-8,Y20-34,T,PC,RO,2021,70.1,b
ESTAT:EDAT_LFSE_24(1.0),14/09/23 23:00:00,A,Y1-3,ED3-8,Y20-34,T,PC,RO,2022,69.9,
ESTAT:EDAT_LFSE_24(1.0),14/09/23 23:00:00,A,Y1-3,ED3-8,Y20-34,T,PC,RS,2013,46.5,
ESTAT:EDAT_LFSE_24(1.0),14/09/23 23:00:00,A,Y1-3,ED3-8,Y20-34,T,PC,RS,2014,49.8,b
ESTAT:EDAT_LFSE_24(1.0),14/09/23 23:00:00,A,Y1-3,ED3-8,Y20-34,T,PC,RS,2015,50.6,
ESTAT:EDAT_LFSE_24(1.0),14/09/23 23:00:00,A,Y1-3,ED3-8,Y20-34,T,PC,RS,2016,54.1,
ESTAT:EDAT_LFSE_24(1.0),14/09/23 23:00:00,A,Y1-3,ED3-8,Y20-34,T,PC,RS,2017,61.4,
ESTAT:EDAT_LFSE_24(1.0),14/09/23 23:00:00,A,Y1-3,ED3-8,Y20-34,T,PC,RS,2018,64.3,
ESTAT:EDAT_LFSE_24(1.0),14/09/23 23:00:00,A,Y1-3,ED3-8,Y20-34,T,PC,RS,2019,66.5,
ESTAT:EDAT_LFSE_24(1.0),14/09/23 23:00:00,A,Y1-3,ED3-8,Y20-34,T,PC,RS,2020,62.3,
ESTAT:EDAT_LFSE_24(1.0),14/09/23 23:00:00,A,Y1-3,ED3-8,Y20-34,T,PC,RS,2021,65.1,b
ESTAT:EDAT_LFSE_24(1.0),14/09/23 23:00:00,A,Y1-3,ED3-8,Y20-34,T,PC,RS,2022,72.2,
ESTAT:EDAT_LFSE_24(1.0),14/09/23 23:00:00,A,Y1-3,ED3-8,Y20-34,T,PC,SE,2013,84.9,
ESTAT:EDAT_LFSE_24(1.0),14/09/23 23:00:00,A,Y1-3,ED3-8,Y20-34,T,PC,SE,2014,85.0,b
ESTAT:EDAT_LFSE_24(1.0),14/09/23 23:00:00,A,Y1-3,ED3-8,Y20-34,T,PC,SE,2015,85.9,
ESTAT:EDAT_LFSE_24(1.0),14/09/23 23:00:00,A,Y1-3,ED3-8,Y20-34,T,PC,SE,2016,86.7,
ESTAT:EDAT_LFSE_24(1.0),14/09/23 23:00:00,A,Y1-3,ED3-8,Y20-34,T,PC,SE,2017,88.3,
ESTAT:EDAT_LFSE_24(1.0),14/09/23 23:00:00,A,Y1-3,ED3-8,Y20-34,T,PC,SE,2018,88.1,b
ESTAT:EDAT_LFSE_24(1.0),14/09/23 23:00:00,A,Y1-3,ED3-8,Y20-34,T,PC,SE,2019,88.7,
ESTAT:EDAT_LFSE_24(1.0),14/09/23 23:00:00,A,Y1-3,ED3-8,Y20-34,T,PC,SE,2020,86.4,
ESTAT:EDAT_LFSE_24(1.0),14/09/23 23:00:00,A,Y1-3,ED3-8,Y20-34,T,PC,SE,2021,87.2,b
ESTAT:EDAT_LFSE_24(1.0),14/09/23 23:00:00,A,Y1-3,ED3-8,Y20-34,T,PC,SE,2022,88.1,
ESTAT:EDAT_LFSE_24(1.0),14/09/23 23:00:00,A,Y1-3,ED3-8,Y20-34,T,PC,SI,2013,73.8,
ESTAT:EDAT_LFSE_24(1.0),14/09/23 23:00:00,A,Y1-3,ED3-8,Y20-34,T,PC,SI,2014,70.1,b
ESTAT:EDAT_LFSE_24(1.0),14/09/23 23:00:00,A,Y1-3,ED3-8,Y20-34,T,PC,SI,2015,71.5,
ESTAT:EDAT_LFSE_24(1.0),14/09/23 23:00:00,A,Y1-3,ED3-8,Y20-34,T,PC,SI,2016,76.7,
ESTAT:EDAT_LFSE_24(1.0),14/09/23 23:00:00,A,Y1-3,ED3-8,Y20-34,T,PC,SI,2017,81.6,
ESTAT:EDAT_LFSE_24(1.0),14/09/23 23:00:00,A,Y1-3,ED3-8,Y20-34,T,PC,SI,2018,84.2,
ESTAT:EDAT_LFSE_24(1.0),14/09/23 23:00:00,A,Y1-3,ED3-8,Y20-34,T,PC,SI,2019,86.0,
ESTAT:EDAT_LFSE_24(1.0),14/09/23 23:00:00,A,Y1-3,ED3-8,Y20-34,T,PC,SI,2020,82.8,
ESTAT:EDAT_LFSE_24(1.0),14/09/23 23:00:00,A,Y1-3,ED3-8,Y20-34,T,PC,SI,2021,85.1,b
ESTAT:EDAT_LFSE_24(1.0),14/09/23 23:00:00,A,Y1-3,ED3-8,Y20-34,T,PC,SI,2022,84.2,
ESTAT:EDAT_LFSE_24(1.0),14/09/23 23:00:00,A,Y1-3,ED3-8,Y20-34,T,PC,SK,2013,70.3,
ESTAT:EDAT_LFSE_24(1.0),14/09/23 23:00:00,A,Y1-3,ED3-8,Y20-34,T,PC,SK,2014,72.7,b
ESTAT:EDAT_LFSE_24(1.0),14/09/23 23:00:00,A,Y1-3,ED3-8,Y20-34,T,PC,SK,2015,75.2,
ESTAT:EDAT_LFSE_24(1.0),14/09/23 23:00:00,A,Y1-3,ED3-8,Y20-34,T,PC,SK,2016,79.6,
ESTAT:EDAT_LFSE_24(1.0),14/09/23 23:00:00,A,Y1-3,ED3-8,Y20-34,T,PC,SK,2017,81.5,
ESTAT:EDAT_LFSE_24(1.0),14/09/23 23:00:00,A,Y1-3,ED3-8,Y20-34,T,PC,SK,2018,83.4,
ESTAT:EDAT_LFSE_24(1.0),14/09/23 23:00:00,A,Y1-3,ED3-8,Y20-34,T,PC,SK,2019,83.9,
ESTAT:EDAT_LFSE_24(1.0),14/09/23 23:00:00,A,Y1-3,ED3-8,Y20-34,T,PC,SK,2020,82.8,
ESTAT:EDAT_LFSE_24(1.0),14/09/23 23:00:00,A,Y1-3,ED3-8,Y20-34,T,PC,SK,2021,79.5,b
ESTAT:EDAT_LFSE_24(1.0),14/09/23 23:00:00,A,Y1-3,ED3-8,Y20-34,T,PC,SK,2022,83.9,
ESTAT:EDAT_LFSE_24(1.0),14/09/23 23:00:00,A,Y1-3,ED3-8,Y20-34,T,PC,TR,2013,61.7,
ESTAT:EDAT_LFSE_24(1.0),14/09/23 23:00:00,A,Y1-3,ED3-8,Y20-34,T,PC,TR,2014,62.5,b
ESTAT:EDAT_LFSE_24(1.0),14/09/23 23:00:00,A,Y1-3,ED3-8,Y20-34,T,PC,TR,2015,61.9,
ESTAT:EDAT_LFSE_24(1.0),14/09/23 23:00:00,A,Y1-3,ED3-8,Y20-34,T,PC,TR,2016,61.1,
ESTAT:EDAT_LFSE_24(1.0),14/09/23 23:00:00,A,Y1-3,ED3-8,Y20-34,T,PC,TR,2017,61.2,
ESTAT:EDAT_LFSE_24(1.0),14/09/23 23:00:00,A,Y1-3,ED3-8,Y20-34,T,PC,TR,2018,61.5,
ESTAT:EDAT_LFSE_24(1.0),14/09/23 23:00:00,A,Y1-3,ED3-8,Y20-34,T,PC,TR,2019,57.8,
ESTAT:EDAT_LFSE_24(1.0),14/09/23 23:00:00,A,Y1-3,ED3-8,Y20-34,T,PC,TR,2020,53.0,
ESTAT:EDAT_LFSE_24(1.0),14/09/23 23:00:00,A,Y1-3,ED3-8,Y20-34,T,PC,UK,2013,83.8,
ESTAT:EDAT_LFSE_24(1.0),14/09/23 23:00:00,A,Y1-3,ED3-8,Y20-34,T,PC,UK,2014,83.2,b
ESTAT:EDAT_LFSE_24(1.0),14/09/23 23:00:00,A,Y1-3,ED3-8,Y20-34,T,PC,UK,2015,85.8,
ESTAT:EDAT_LFSE_24(1.0),14/09/23 23:00:00,A,Y1-3,ED3-8,Y20-34,T,PC,UK,2016,84.4,
ESTAT:EDAT_LFSE_24(1.0),14/09/23 23:00:00,A,Y1-3,ED3-8,Y20-34,T,PC,UK,2017,86.6,
ESTAT:EDAT_LFSE_24(1.0),14/09/23 23:00:00,A,Y1-3,ED3-8,Y20-34,T,PC,UK,2018,86.7,
ESTAT:EDAT_LFSE_24(1.0),14/09/23 23:00:00,A,Y1-3,ED3-8,Y20-34,T,PC,UK,2019,85.4,
